#,Negocio,DirecciГіn,вӯҗ,рҹ’° Precio (MXN),рҹ“қ Especialidad,рҹ“Қ Google Maps,phone,hours,website,photo,plusCode,isTop10,reviewCount,fullHours,priceLevel,category
1,Tepatiani,Mercado В· оӨҙ В· Av. Miguel Hidalgo y Costilla 469,4.3,N/A,"Comi tacos al pastor del Oasis, muy ricos pero no son baratos...",https://www.google.com/maps/place/Tepatiani/data=!4m7!3m6!1s0x8428b14ed7974ae7:0x204726fae4dcdec4!8m2!3d20.6779072!4d-103.3494025!16s%2Fg%2F11fn26dds_!19sChIJ50qX106xKIQRxN7c5PomRyA?authuser=0&hl=es-419&rclk=1,N/A,"Horarios de mayor concurrencia
miГ©rcoles
о—…
оўҮ
оҗҲ
6a.m.
9a.m.
12p.m.
3p.m.
6p.m.
9p.m.
оҗү",N/A,https://lh3.googleusercontent.com/gps-cs-s/APNQkAG_Hd_xwzCBXc1BlCaQ4EEYWEBUtHNNiM13Scdj7-pJ9caFm1HaGJRKsjwFRTuXK4lNJpsWcZ2TSUaWf-AyFDPA-NsgfzFuXiVnFf__m5Uk-OYsJuaZkjjL6zxgDpehZVB856i13ZhfmLXu=w1000-h1000-k-no,N/A,true,23559,N/A,N/A,Mercado
2,La Chata de Guadalajara,Mexicana В· оӨҙ В· Av. RamГіn Corona 126,4.6,$200-300,"La torta ahogada es exquisita, los tacos dorados de papa muy buenos.",https://www.google.com/maps/place/La+Chata+de+Guadalajara/data=!4m7!3m6!1s0x8428b4f60dd12ee5:0x6cfb0da443088560!8m2!3d20.6746934!4d-103.3466531!16s%2Fg%2F1tdqbx44!19sChIJ5S7RDfa0KIQRYIUIQ6QN-2w?authuser=0&hl=es-419&rclk=1,"оӮ°
+52 33 3613 0588","Horarios de mayor concurrencia
miГ©rcoles
о—…
оўҮ
оҗҲ
EN TIEMPO REALUn poco concurrido
6a.m.
9a.m.
12p.m.
3p.m.
6p.m.
9p.m.
оҗү",http://lachata.com.mx/,https://lh3.googleusercontent.com/gps-cs-s/APNQkAExpiid2D843woY0_wid7c7KFRQwY1fIIIh5zQwSdE2EA6Elm7PBIqmSplbvKe7n_ERBIVxSF1fbAxI0ol5ddcdPXmYhraY40Jf6fB7nwjrJ9b9F4WYZ9glBSzvaas-ocTFhZntyi2THEOy=w1000-h1000-k-no,N/A,true,23193,N/A,N/A,Restaurante mexicano
3,Taco Fish Paz,"Av. de la Paz 494, Gdl",4.7,$100-200,"MГЎs de 20,000 votos en Google",https://www.google.com/maps/search/Taco%20Fish%20Paz%20Av.%20de%20la%20Paz%20494%2C%20Gdl%20Guadalajara,"оӮ°
+52 33 1653 8934","Horarios de mayor concurrencia
jueves
о—…
оўҮ
оҗҲ
EN TIEMPO REALUn poco concurrido
6a.m.
9a.m.
12p.m.
3p.m.
6p.m.
9p.m.
оҗү",http://tacofishlapaz.com/,https://lh3.googleusercontent.com/gps-cs-s/APNQkAHxXhf47PXiv1q8KBUWp5_PtoLHlxw98zvJKQwJ4f9hUpOwCSc9ST6XR9OqhUnl0ynpRRpOQCE__4hGx8CKfFv3rW09J367H7DniuZ8NyH2GoyikA_eJMR7tG4NpSToCnm_xlH1cj7JOyc=w1000-h1000-k-no,N/A,true,20386,,,
4,Tomate TaquerГӯa,Av. Chapultepec Sur 361,4.7,$200-300,"17,500+ reseГұas de clientes","https://www.google.com/maps/place/TOMATE+Taquer%C3%ADa/@20.6703382,-103.3682883,17z/data=!3m1!4b1!4m6!3m5!1s0x8428ae05dbc3919d:0x79bb3b6fda031653!8m2!3d20.6703382!4d-103.3682883!16s%2Fg%2F1ptxjv23t?entry=ttu&g_ep=EgoyMDI2MDUxMS4wIKXMDSoASAFQAw%3D%3D","оӮ°
+52 33 3825 3331","Horarios de mayor concurrencia
jueves
о—…
оўҮ
оҗҲ
6a.m.
9a.m.
12p.m.
3p.m.
6p.m.
9p.m.
оҗү",http://tomatetaqueria.com/,https://lh3.googleusercontent.com/gps-cs-s/APNQkAExWMvt7i4TZmv-KDgwVhz9_NX9JFayQY0C86k0hSLyKoHy7jeISHfmIlpH5TuQvy76134ObpaVQ2GjTZm1OiATFLxAdrIvM0CwkSwYU_e7VcuXP-j3hFBIsOHHH471jYFpPehvyT16_NfS=w1000-h1000-k-no,N/A,true,17729,,,
5,Cuerno Andares,"4.9(13,904) В· MГЎs deВ $1,000",4.9,N/A,10/10 recomiendo los tacos de camarГіn aguachile!,https://www.google.com/maps/place/Cuerno+Andares/data=!4m7!3m6!1s0x8428af71c7caed67:0xf5dfea27f2209c02!8m2!3d20.712606!4d-103.4125498!16s%2Fg%2F11pypqc4w5!19sChIJZ-3Kx3GvKIQRApwg8ifq3_U?authuser=0&hl=es-419&rclk=1,"оӮ°
+52 33 1538 3713","Horarios de mayor concurrencia
miГ©rcoles
о—…
оўҮ
оҗҲ
EN TIEMPO REALUn poco concurrido
6a.m.
9a.m.
12p.m.
3p.m.
6p.m.
9p.m.
12a.m.
оҗү",http://cuerno.mx/,https://lh3.googleusercontent.com/gps-cs-s/APNQkAFDLuXGa7ubXSjfxcM9dNCeLfcihGM9WAkYaMrFKSj9HbcsIi30t97ISf61v6Bn3oKRWS6CEYoNO_DGV1PtgbqUrVNk6KMwCeegbbGBmTxsjaNzQXLDeKxvRoXhTTbiTIYCtlCl=w1000-h1000-k-no,N/A,true,13904,N/A,N/A,Restaurante
6,BirrierГӯa las 9 Esquinas,Mexicana В· оӨҙ В· C. ColГіn 384,4.5,$200-300,Queso fundido con chorizo and goat birria queso tacos were amazing,https://www.google.com/maps/place/Birrier%C3%ADa+las+9+Esquinas/data=!4m7!3m6!1s0x8428b1f9ec5c8049:0x452a10a9d644b7af!8m2!3d20.6706857!4d-103.348513!16s%2Fg%2F11b75gdrpf!19sChIJSYBc7PmxKIQRr7dE1qkQKkU?authuser=0&hl=es-419&rclk=1,"оӮ°
+52 33 3327 2043","Horarios de mayor concurrencia
miГ©rcoles
о—…
оўҮ
оҗҲ
6a.m.
9a.m.
12p.m.
3p.m.
6p.m.
9p.m.
оҗү",https://www.birrierialas9esquinas.com/,https://lh3.googleusercontent.com/gps-cs-s/APNQkAH6PNOCTmV1ZtKCp7OPxlz0bVu7sXkqIMD2qIJOrDqzW2wOWtN1sdAjIeJrhPAjTBsi430h1RXTffaBx5l2yzQhfkAc4WCCqOMv-GD3dYFSFoSAPjWLC9_fYnpgGVdl25oq3_MsWI1Mv_nu=w1000-h1000-k-no,N/A,true,13487,N/A,N/A,Restaurante mexicano
7,Los AlteГұos,Tacos В· оӨҙ В· Av. Tepeyac,4.7,$100-200,"Los mejores tacos de pastor del condado, podrГӯa comerlos diario!",https://www.google.com/maps/place/Los+Alte%C3%B1os/data=!4m7!3m6!1s0x8428afb52af4fed1:0x6a06776fc94b9df5!8m2!3d20.6615979!4d-103.4061319!16s%2Fg%2F1hc5wr5m0!19sChIJ0f70KrWvKIQR9Z1LyW93Bmo?authuser=0&hl=es-419&rclk=1,"оӮ°
+52 33 3121 6712","Horarios de mayor concurrencia
miГ©rcoles
о—…
оўҮ
оҗҲ
EN TIEMPO REALUn poco concurrido
6a.m.
9a.m.
12p.m.
3p.m.
6p.m.
9p.m.
12a.m.
оҗү",N/A,https://lh3.googleusercontent.com/gps-cs-s/APNQkAHg5OhbcRU9iNTi5jnDknjUhyivIYCII8U6fVZO2SHyysHpapznO0z6H26TGYPdNAherULgwctGkz8h-I5Q3W-D0oTb14M_OVmvFYpQ8SYtzabbWHcKtyfwu5haSaNTVdG9wtht=w1000-h1000-k-no,N/A,true,11254,N/A,N/A,TaquerГӯa
8,TaquerГӯa Minerva,Mexicana В· оӨҙ В· Av. Ignacio L Vallarta 2982,3.7,$100-200,"Tortas ahogadas muy ricas,de carne y tacos muy sabrosos.",https://www.google.com/maps/place/Taquer%C3%ADa+Minerva/data=!4m7!3m6!1s0x8428ae6e239cdd3b:0x2a68d11c05f24dce!8m2!3d20.674722!4d-103.389376!16s%2Fg%2F1ptvyx3yw!19sChIJO92cI26uKIQRzk3yBRzRaCo?authuser=0&hl=es-419&rclk=1,"оӮ°
+52 33 3630 0954","Horarios de mayor concurrencia
miГ©rcoles
о—…
оўҮ
оҗҲ
EN TIEMPO REALUn poco concurrido
6a.m.
9a.m.
12p.m.
3p.m.
6p.m.
9p.m.
12a.m.
3a.m.
оҗү",http://www.facebook.com/taqueriaminerva,https://lh3.googleusercontent.com/gps-cs-s/APNQkAFrHIEnX2fPtEhrjOVP-TkkdPYUFskvMIVvg1mz5UMWulD0DQrPtYjGTuFL2cmQO4ODMuspLqQtLi_QLkcCRqfzeBrbBeRvDfuHNwwMM6p51pVtSKke89mj0vxuEXNsBMQbtnBB_A=w1000-h1000-k-no,N/A,true,8725,N/A,N/A,TaquerГӯa
9,La Tequila Cocina de MГ©xico Av MГ©xico,Mexicana В· оӨҙ В· Av. MГ©xico 2830,4.7,$300-800,Los tacos de VACIO FRIOS Y CARISIMPS 4 tacos mas de $400 PESOS,https://www.google.com/maps/place/La+Tequila+Cocina+de+M%C3%A9xico+Av+M%C3%A9xico/data=!4m7!3m6!1s0x8428ae69528fffff:0xb6477a476e3fd58a!8m2!3d20.6801499!4d-103.3882878!16s%2Fg%2F1tdjxb4r!19sChIJ__-PUmmuKIQRitU_bkd6R7Y?authuser=0&hl=es-419&rclk=1,"оӮ°
+52 33 3640 3440","Horarios de mayor concurrencia
miГ©rcoles
о—…
оўҮ
оҗҲ
EN TIEMPO REALMГЎxima concurrencia
6a.m.
9a.m.
12p.m.
3p.m.
6p.m.
9p.m.
оҗү",http://latequila.com/,https://lh3.googleusercontent.com/gps-cs-s/APNQkAEpO-kO-26RUA9AHjUR5yHVV23Ybku_vO8XdEAnWmbySYfpFEbi4tG7b9feP738cjLTYq69iSRm9ItaOTiP9JRvCLsQIqbpbIlAbcVclBUTjNMIXXxWx02KC4DeHmAsS7gtaOVb6A=w1000-h1000-k-no,N/A,true,7826,N/A,N/A,Restaurante mexicano
10,Tripitas Don RamГіn,Calle Chiapas 1538,4.5,$100-200,"7,700+ reseГұas; especialistas en tripa","https://www.google.com/maps/place/Tripitas+Don+Ram%C3%B3n/@20.7000828,-103.3556378,17z/data=!3m1!4b1!4m6!3m5!1s0x8428b1d9d586aaab:0x16045b1491e408f2!8m2!3d20.7000828!4d-103.3556378!16s%2Fg%2F11clytlgw7?entry=ttu&g_ep=EgoyMDI2MDUxMS4wIKXMDSoASAFQAw%3D%3D","оӮ°
+52 33 2536 0685","Horarios de mayor concurrencia
jueves
о—…
оўҮ
оҗҲ
6a.m.
9a.m.
12p.m.
3p.m.
6p.m.
9p.m.
оҗү",N/A,https://lh3.googleusercontent.com/gps-cs-s/APNQkAHY6tXc16LcOt_BuIJU89stm0rruITb-gvEQ6mzvdgIJeKudXuxbzb7P4kJW38oofGzkzys8yfq5TbVZ5OLtu_EL4rxWN0WfgsCBgq-WfNZiPt_qh1BxUDyC0zGtbs7E6mcsUgPZw=w1000-h1000-k-no,N/A,true,7816,N/A,N/A,N/A
11,Birria y carne asada Don JosГ©,Tacos В· Calle Argentina 595,4.7,$100-200,"Tacos muy buenos, son de calle pero vale la pena aГұos comiendo ahГӯ рҹ‘ҢрҹҸҪ",https://www.google.com/maps/place/Birria+y+carne+asada+Don+Jos%C3%A9/data=!4m7!3m6!1s0x8428ae01098f14e7:0x7dc7200f02689e7b!8m2!3d20.6678177!4d-103.3617479!16s%2Fg%2F11b6q326sh!19sChIJ5xSPCQGuKIQRe55oAg8gx30?authuser=0&hl=es-419&rclk=1,"оӮ°
+52 33 1018 7249","Horarios de mayor concurrencia
miГ©rcoles
о—…
оўҮ
оҗҲ
6a.m.
9a.m.
12p.m.
3p.m.
6p.m.
9p.m.
оҗү",https://www.facebook.com/pages/Tacos-Don-Jos%C3%A9/276963435736712?ref=br_rs,https://lh3.googleusercontent.com/gps-cs-s/APNQkAEGByhhtuHDYJs484mJf0U1vnfn533W49xWxiurWxTpiQRFrE9J8Y3MzSmK7Qbyq6AUcSZGEItAhTP2jj-KUM7JwJwvN5S089_OHLjZvBfKZUn8MI_aNtEfeaRsXNffQH594BTGsg=w1000-h1000-k-no,N/A,false,6791,N/A,N/A,TaquerГӯa
12,El Pastor del Rica,"4.4(6,747) В· $100-200",4.4,$100-200,"Tacos al pastor, tambiГ©n tienen de suadero los cuales me gustaron mГЎs.",https://www.google.com/maps/place/El+Pastor+del+Rica/data=!4m7!3m6!1s0x8428af5e0ebe06b7:0x5fb9f612459b7dc0!8m2!3d20.7473888!4d-103.4291396!16s%2Fg%2F11c0r3cvd1!19sChIJtwa-Dl6vKIQRwH2bRRL2uV8?authuser=0&hl=es-419&rclk=1,"оӮ°
+52 33 2976 2445","Horarios de mayor concurrencia
miГ©rcoles
о—…
оўҮ
оҗҲ
EN TIEMPO REALMenos concurrido de lo habitual
6a.m.
9a.m.
12p.m.
3p.m.
6p.m.
9p.m.
оҗү",N/A,https://lh3.googleusercontent.com/gps-cs-s/APNQkAHTVnWV018RjrdWp8GkMUDL2mi8aaQZXIGaDEodVoZoEGcrO49me1SjUk_B74Hh-ZU8h7I2p27flc6HvjVxW-A19GJLpij93vAtkNWCRYrBNqYzaVkEn_6dWZG7XXnL_lneGvu2=w1000-h1000-k-no,N/A,false,6747,N/A,N/A,TaquerГӯa
13,Tacos La Flor de Sahuayo,"4.4(6,487) В· $100-200",4.4,$100-200,"RiquГӯsimos tacos al pastor, quesadillas y tepache o agua de horchata",https://www.google.com/maps/place/Tacos+La+Flor+de+Sahuayo/data=!4m7!3m6!1s0x8428afb50fa10bcf:0x2e728d09ee7d3947!8m2!3d20.6708733!4d-103.3592362!16s%2Fg%2F11h3mw8d7q!19sChIJzwuhD7WvKIQRRzl97gmNci4?authuser=0&hl=es-419&rclk=1,"оӮ°
+52 33 3826 3993","Horarios de mayor concurrencia
miГ©rcoles
о—…
оўҮ
оҗҲ
EN TIEMPO REALUn poco concurrido
6a.m.
9a.m.
12p.m.
3p.m.
6p.m.
9p.m.
оҗү",https://tacoslaflordesahuayo.shop/,https://lh3.googleusercontent.com/gps-cs-s/APNQkAFMPAERTMz6mcYkby983_aNx8srPixqfwpTE0n1N0p7x-j6rbND0dDTWskBlqONpoPDkiL6GishSNMxPZwj5YqqNOHPOdPBS3b5-30lizh8IEG4PRV2mLQU3E4Dc0rc4N12t0lq8kM42xxI=w1000-h1000-k-no,N/A,false,6487,N/A,N/A,TaquerГӯa
14,Tacos Providencia,Av. RubГ©n DarГӯo 534,4.5,$100-200,"6,300+ reseГұas; ambiente premium","https://www.google.com/maps/place/Tacos+Providencia/@20.685292,-103.3850041,17z/data=!3m1!4b1!4m6!3m5!1s0x8428ae6a63561a07:0x5c4c9362fe658cb!8m2!3d20.685292!4d-103.3850041!16s%2Fg%2F1tfzs72s?entry=ttu&g_ep=EgoyMDI2MDUxMS4wIKXMDSoASAFQAw%3D%3D","оӮ°
+52 33 3641 6049","Horarios de mayor concurrencia
jueves
о—…
оўҮ
оҗҲ
6a.m.
9a.m.
12p.m.
3p.m.
6p.m.
9p.m.
оҗү",https://tacosprovidencia.shop/,https://lh3.googleusercontent.com/gps-cs-s/APNQkAH-ciFaUU5YwjLvs7LtcYvbA8DczWi9442Y5Xf2e8rurjlGssqkli77D5pydQcQQJ7ca-NPPW1e0fjMnpl0lKJPDWBGxCvN681v-bQdWrHkHIma28g9fQcPEzraHM4w1MPYOnie8rpqUiJQ=w1000-h1000-k-no,N/A,false,6447,N/A,N/A,N/A
15,Taco Fish La Paz,Tacos В· п•Ҡ В· Av. de la Paz 2402,4.6,$100-200,"Los mejores tacos del mundo , el de camarones con queso una chulada",https://www.google.com/maps/place/Taco+Fish+La+Paz/data=!4m7!3m6!1s0x8428ae0e142f09ff:0x8c112b870a76a141!8m2!3d20.6723455!4d-103.377603!16s%2Fg%2F1232kht6c!19sChIJ_wkvFA6uKIQRQaF2CocrEYw?authuser=0&hl=es-419&rclk=1,"оӮ°
+52 33 3615 2759","Horarios de mayor concurrencia
miГ©rcoles
о—…
оўҮ
оҗҲ
6a.m.
9a.m.
12p.m.
3p.m.
6p.m.
9p.m.
оҗү",http://www.tacofishlapaz.mx/,https://lh3.googleusercontent.com/gps-cs-s/APNQkAEPnAEW2n6eYX9XLY30aWEAbCFMaTqigKX9_bz44M3pw9RTdlUdvbgbXFIzD3N-lANhCC4aTU_klVHUMxLAOpVQQD3d3_rLqrU9s6FJFez9u0gnjxnG-PL4zUBdWtTkqf2UH356AQ=w1000-h1000-k-no,N/A,false,6370,N/A,N/A,MarisquerГӯa
16,Bruna Restaurante,Mexicana В· оӨҙ В· C. Miguel Lerdo de Tejada 2418,4.5,$$,Las tortillas y el chamorro de lo mejor.,https://www.google.com/maps/place/Bruna+Restaurante/data=!4m7!3m6!1s0x8428ae0d624d2c5f:0x156e518cc38df9e2!8m2!3d20.670973!4d-103.3779827!16s%2Fg%2F11c3wrm0xt!19sChIJXyxNYg2uKIQR4vmNw4xRbhU?authuser=0&hl=es-419&rclk=1,"оӮ°
+52 33 2003 0904","Horarios de mayor concurrencia
miГ©rcoles
о—…
оўҮ
оҗҲ
EN TIEMPO REALMenos concurrido de lo habitual
6a.m.
9a.m.
12p.m.
3p.m.
6p.m.
9p.m.
оҗү",http://www.bruna.com.mx/,https://lh3.googleusercontent.com/gps-cs-s/APNQkAGrPJr6w9CdSYkegzZrdLhR6AMlDPJe9imCbjiG1OfQ60txmnRGWb-9-V1G20EXw5y_4r7s5QEH5cEKMYluLfDkrQ38phHD_ohWZBbvrQKfJN9ssfK1hBQ5Xw_KHtWgkvULYWkViBE73VAB=w1000-h1000-k-no,N/A,false,6112,N/A,$$,Restaurante mexicano
17,Taqueiros,Mexicana В· оӨҙ В· Av. Patria 270,4.4,$200-400,"Delicioso, los tacos de lengua y la sopa tarasca, riquГӯsimo",https://www.google.com/maps/place/Taqueiros/data=!4m7!3m6!1s0x8428aeecc61bca33:0xbf4387022a67169e!8m2!3d20.6707466!4d-103.4240623!16s%2Fg%2F1tjjpplr!19sChIJM8obxuyuKIQRnhZnKgKHQ78?authuser=0&hl=es-419&rclk=1,"оӮ°
+52 33 3673 3120","Horarios de mayor concurrencia
miГ©rcoles
о—…
оўҮ
оҗҲ
EN TIEMPO REALMenos concurrido de lo habitual
6a.m.
9a.m.
12p.m.
3p.m.
6p.m.
9p.m.
12a.m.
оҗү",http://www.taqueiros.com.mx/,https://lh3.googleusercontent.com/gps-cs-s/APNQkAEKjiDlQoC6f7_3eqPPNPIr8E7d4ZOQXocHWYILyNDvuXsmMDNLPZPHwcAzrl6RofUjI1CpOAn9_Gm5i_V2L-ZsreKeiOcDmazr-WIwpNkDiF3DYRPdknnsYJXOfFwHaNHzuOI=w1000-h1000-k-no,N/A,false,5805,N/A,N/A,Restaurante mexicano
18,Tacos de Barbacoa Arthuro Los de AntaГұo,Tacos В· C. JosГ© MarГӯa Morelos 957,4.6,$1-100,RiquГӯsimos tacos рҹҢ® los tacos a la plancha deliciosos muy recomendado.,https://www.google.com/maps/place/Tacos+de+Barbacoa+Arthuro+Los+de+Anta%C3%B1o/data=!4m7!3m6!1s0x8428ae02ac1350d9:0x26bd6dae2ae546ba!8m2!3d20.6761453!4d-103.3587551!16s%2Fg%2F1td9f1wf!19sChIJ2VATrAKuKIQRukblKq5tvSY?authuser=0&hl=es-419&rclk=1,"оӮ°
+52 33 3827 4745","Horarios de mayor concurrencia
miГ©rcoles
о—…
оўҮ
оҗҲ
6a.m.
9a.m.
12p.m.
3p.m.
6p.m.
9p.m.
оҗү",https://www.facebook.com/TacosArthuro/,https://lh3.googleusercontent.com/gps-cs-s/APNQkAEFaZjugEpP5Db4Pwlnja_GBYuScBgwUE-w5SiiQMXt2i-o1ypZLxP-P4y5HUYMsI-q5RrwKv5R7OUGEFNRewGX_75wKfm2TSVDW_zMalBa7vMWvzKxEc4k-vbBnBAqVWYe8B8GABsiFRg=w1000-h1000-k-no,N/A,false,5135,N/A,N/A,TaquerГӯa
19,TaquerГӯa Guadalajara - Sucursal BarragГЎn,Tacos В· оӨҙ В· Av. Manuel L. BarragГЎn 1450,4.4,$100-200,"Los tacos de barbacoa tipo Tlaquepaque, excelentes muy pero muy ricos!!",https://www.google.com/maps/place/Taquer%C3%ADa+Guadalajara+-+Sucursal+Barrag%C3%A1n/data=!4m7!3m6!1s0x8662945c4be3b0e3:0x335353151c9e0cb4!8m2!3d25.7421117!4d-100.3120867!16s%2Fg%2F1ptxk3kxd!19sChIJ47DjS1yUYoYRtAyeHBVTUzM?authuser=0&hl=es-419&rclk=1,"оӮ°
+52 81 1769 0850","Horarios de mayor concurrencia
miГ©rcoles
о—…
оўҮ
оҗҲ
EN TIEMPO REALUn poco concurrido
6a.m.
9a.m.
12p.m.
3p.m.
6p.m.
9p.m.
12a.m.
3a.m.
оҗү",https://www.facebook.com/taqueriagualajara/,https://lh3.googleusercontent.com/gps-cs-s/APNQkAEvCy1jDtHMmYVNqTigquns1V7JmQB8TNpC6mmReiBpLTxc3xWfBRhQj7nu69Rl0KugNGqM1H8jRl3k864ExpMW6WGm7TEfm4JAJGf6fK_rjPP9SFGFJdaBpS_GKgtTb3kFK0N11znthPk=w1000-h1000-k-no,N/A,false,4492,N/A,N/A,TaquerГӯa
20,TaquerГӯa Los Faroles,Tacos В· оӨҙ В· Av. RamГіn Corona 250,4.2,$100-200,"Los tacos son deliciosos, el pastor y chorizo es lo mГЎs recomendable.",https://www.google.com/maps/place/Taquer%C3%ADa+Los+Faroles/data=!4m7!3m6!1s0x8428b1f0bd2ed38b:0x9538441d311d6bc1!8m2!3d20.672962!4d-103.3464905!16s%2Fg%2F1td42thq!19sChIJi9MuvfCxKIQRwWsdMR1EOJU?authuser=0&hl=es-419&rclk=1,"оӮ°
+52 33 1514 5369","Horarios de mayor concurrencia
miГ©rcoles
о—…
оўҮ
оҗҲ
EN TIEMPO REALMenos concurrido de lo habitual
6a.m.
9a.m.
12p.m.
3p.m.
6p.m.
9p.m.
оҗү",https://www.facebook.com/profile.php?id=100088711217063&name=xhp_nt__fb__action__open_user,https://lh3.googleusercontent.com/gps-cs-s/APNQkAGG7v-s6V4iN_58pVOHEeWVHODLv7KCV3Ytpp3_6eag6YMU2gywZKTLFjCIu4VCreHSpqIN9On2-2HQNV0a5akgN2X6tPgV-JJZzAn22NASrGDcTBgS1GoDIrYFNytwRPof-uH1=w1000-h1000-k-no,N/A,false,4302,N/A,N/A,TaquerГӯa
21,El GГјero AlteГұo Sta Esther,"4.4(3,915) В· $100-200",4.4,$100-200,"Excelente servicio y riquГӯsimos los tacos, el consomГ©, las salsas, etc.",https://www.google.com/maps/place/El+G%C3%BCero+Alte%C3%B1o+Sta+Esther/data=!4m7!3m6!1s0x8428af0d0eab8273:0x6f4fff1627cfee84!8m2!3d20.7282067!4d-103.4127088!16s%2Fg%2F1tv24gh5!19sChIJc4KrDg2vKIQRhO7PJxb_T28?authuser=0&hl=es-419&rclk=1,"оӮ°
+52 33 3833 2208","Horarios de mayor concurrencia
miГ©rcoles
о—…
оўҮ
оҗҲ
EN TIEMPO REALPoco concurrido
6a.m.
9a.m.
12p.m.
3p.m.
6p.m.
9p.m.
оҗү",https://www.elgueroalteno.com/,https://lh3.googleusercontent.com/gps-cs-s/APNQkAHhYWiS4-ecbyPQ_4qgMwLUtRC0APKKw1bljAj478FPwS8LcffSMh5nRH34A5aKt103YCsFjOcCtt02OYKxiGyFdeQGfOsRccg5McK5-bkKqYw0dW23SL8ujnRfG2UVDoQsMFTD=w1000-h1000-k-no,N/A,false,3915,N/A,N/A,TaquerГӯa
22,Tacos Juan Santa Teresita,Tacos В· оӨҙ В· C. JosГ© Clemente Orozco 465,4.6,$1-100,"4.6(3,826) В· $1-100",https://www.google.com/maps/place/Tacos+Juan+Santa+Teresita/data=!4m7!3m6!1s0x8428ae191f45ba25:0xb9188efe20086a68!8m2!3d20.6845201!4d-103.3661069!16s%2Fg%2F1hdywp_0p!19sChIJJbpFHxmuKIQRaGoIIP6OGLk?authuser=0&hl=es-419&rclk=1,"оӮ°
+52 33 2237 9789","Horarios de mayor concurrencia
miГ©rcoles
о—…
оўҮ
оҗҲ
6a.m.
9a.m.
12p.m.
3p.m.
6p.m.
9p.m.
оҗү",https://www.facebook.com/QuieroTacosJuan/,https://lh3.googleusercontent.com/gps-cs-s/APNQkAFMpJw7PpwBjDfA8oAFkUWg9Myn1RubFQqX3gAllKr-3hVlClew1gl0YE0RWGjsTlBd7KLmcckklie249yVS0_bk2rTAe-hp4ZTpDnMeyVkK5HMvpB2PJWNn5fQ6Vn2Yfks4DmW=w1000-h1000-k-no,N/A,false,3826,N/A,N/A,TaquerГӯa
23,"Tacos de Barbacoa ""Arturo El Amigo""",Tacos В· Av. Plan de San Luis 1522,4.3,$100-200,Deliciosos tacos de gran variedad atenciГіn muy rГЎpida y riquГӯsimo consome,https://www.google.com/maps/place/Tacos+de+Barbacoa+%22Arturo+El+Amigo%22/data=!4m7!3m6!1s0x8428b1d8629b2cef:0xe961a8d71019b31b!8m2!3d20.6972021!4d-103.358616!16s%2Fg%2F1ptx0dwg_!19sChIJ7yybYtixKIQRG7MZENeoYek?authuser=0&hl=es-419&rclk=1,"оӮ°
+52 33 3823 9260","Horarios de mayor concurrencia
miГ©rcoles
о—…
оўҮ
оҗҲ
6a.m.
9a.m.
12p.m.
3p.m.
6p.m.
9p.m.
оҗү",N/A,https://lh3.googleusercontent.com/gps-cs-s/APNQkAHUDooXt2wpJEPPfqOXclb2YGDgHaACDmHltZGro_cmftrD6rBrsBWuHvAYCS5H8obiEieDApl8UtQH3nJOZ6NEFfyekM7ya0Yx3hdUv92i7mHyFp5H16RkAIFQubZvcUC24khiqQ=w1000-h1000-k-no,N/A,false,3684,N/A,N/A,TaquerГӯa
24,Kapitacos,"4.1(3,653) В· $100-200",4.1,$100-200,Excelentes tacos muy sabrosos y muy buena atenciГіn super recomendados,https://www.google.com/maps/place/Kapitacos/data=!4m7!3m6!1s0x8428af732f70c27d:0x10a06546320b3c37!8m2!3d20.7311847!4d-103.4133921!16s%2Fg%2F11g_lx8wk!19sChIJfcJwL3OvKIQRNzwLMkZloBA?authuser=0&hl=es-419&rclk=1,"оӮ°
+52 33 3364 3559","Horarios de mayor concurrencia
miГ©rcoles
о—…
оўҮ
оҗҲ
EN TIEMPO REALPoco concurrido
6a.m.
9a.m.
12p.m.
3p.m.
6p.m.
9p.m.
12a.m.
3a.m.
оҗү",N/A,https://lh3.googleusercontent.com/gps-cs-s/APNQkAEHaIbPGsi6FB3VnKLlM320tB9zac5nocdLVFtA29Hnm_jw8om_lPn9W_9xVF4ChF6awRH-eeNEHb2CXtHRnFqJCzbcX0mXtKBRY4d_VJEqZqiaAndgZubzELyX4tpXj0ID1Euv=w1000-h1000-k-no,N/A,false,3653,N/A,N/A,Restaurante mexicano
25,Porfirio's Guadalajara | Restaurante de comida mexicana,"4.4(3,611) В· $$$",4.4,$$$,Muy buen sabor de la comida y excelente servicio,https://www.google.com/maps/place/Porfirio%27s+Guadalajara+%7C+Restaurante+de+comida+mexicana/data=!4m7!3m6!1s0x8428af3eb715f2fb:0x1286e7988f335234!8m2!3d20.7015912!4d-103.3765478!16s%2Fg%2F11h081qm3m!19sChIJ-_IVtz6vKIQRNFIzj5jnhhI?authuser=0&hl=es-419&rclk=1,"оӮ°
+52 33 1001 7729","Horarios de mayor concurrencia
miГ©rcoles
о—…
оўҮ
оҗҲ
EN TIEMPO REALMenos concurrido de lo habitual
6a.m.
9a.m.
12p.m.
3p.m.
6p.m.
9p.m.
оҗү",https://porfirios.com.mx/locaciones/restaurante-mexicano-en-guadalajara/,https://lh3.googleusercontent.com/gps-cs-s/APNQkAHtjcO-AGK6zm6O9wg0EytY6gWO0-fNCMNSSPjv7OSrmjFs7keHqbpC1cWfIlTpG6FMaPMUttdUjoYZvco9-k5OYSd3kt-oIuQwNszw0rbHrGHOrElJopCRiDCDf_rove_KkCZjCA=w1000-h1000-k-no,N/A,false,3611,N/A,N/A,Restaurante mexicano
26,Tacos El GГјero FermГӯn,"4.6(3,379) В· $100-200",4.6,$100-200,"Recomiendo mucho estos tacos, son estilo sonora y estГЎn muy deliciosos.",https://www.google.com/maps/place/Tacos+El+G%C3%BCero+Ferm%C3%ADn/data=!4m7!3m6!1s0x8428aea10798547d:0xbdf1c2fbe5dfa3!8m2!3d20.6629033!4d-103.4310795!16s%2Fg%2F11byz4z6k8!19sChIJfVSYB6GuKIQRo9_l-8LxvQA?authuser=0&hl=es-419&rclk=1,"оӮ°
+52 669 929 8912","Horarios de mayor concurrencia
miГ©rcoles
о—…
оўҮ
оҗҲ
EN TIEMPO REALUn poco concurrido
12a.m.
3a.m.
6a.m.
9a.m.
12p.m.
3p.m.
6p.m.
9p.m.
оҗү",https://instagram.com/tacos_fermin?igshid=YmMyMTA2M2Y=,https://lh3.googleusercontent.com/gps-cs-s/APNQkAFqmAdP5KOSKFYHF_XDd9QLfrA6kAVSn1oNRhoACI4VDoZfPYUhZt7vgolf9UJA4zZQX-bCNVMDHTRhJzpzhLvDeRlrQ3-pZ6SpjWhs1O2ab8KnuM2SjhOkwJOGP3P19bQ4D3Zgrig0p0DF=w1000-h1000-k-no,N/A,false,3379,N/A,N/A,TaquerГӯa
27,TaquerГӯa El Urge,Mexicana В· оӨҙ В· Av. Miguel LГіpez de Legaspi 2444,4.3,$1-100,"Para tacos de carnitas no hay otro lugar mejor, muy sabroso рҹҳӢ",https://www.google.com/maps/place/Taquer%C3%ADa+El+Urge/data=!4m7!3m6!1s0x8428adc717064379:0x550e2735c97d8a08!8m2!3d20.6412326!4d-103.3892089!16s%2Fg%2F1ptvrl3h1!19sChIJeUMGF8etKIQRCIp9yTUnDlU?authuser=0&hl=es-419&rclk=1,"оӮ°
+52 33 3399 2042","Horarios de mayor concurrencia
miГ©rcoles
о—…
оўҮ
оҗҲ
EN TIEMPO REALMenos concurrido de lo habitual
6a.m.
9a.m.
12p.m.
3p.m.
6p.m.
9p.m.
12a.m.
3a.m.
оҗү",https://www.facebook.com/TaqueriaElUrge/,https://lh3.googleusercontent.com/gps-cs-s/APNQkAGYteu8CevEDwoMCvVmn0qKLn7O1yzYDjruAdpRlqpvYqSVXwyRTl97amXYWAYCJq7oc5S--B-GD6HsVEtFMwbnZhTsgi-eKwiV1-YxdvsYuZzSU0NQor4_wxfanBBFNpAIufg=w1000-h1000-k-no,N/A,false,3300,N/A,N/A,TaquerГӯa
28,Naranja Tacos,"Tacos В· оӨҙ В· Avenida Manuel J. Clouthier 282, Lomas del Seminario",4.4,$100-200,"ElecciГіn de tacos al pastor, lengua, chorizo, bistec, entre otros.",https://www.google.com/maps/place/Naranja+Tacos/data=!4m7!3m6!1s0x8428ae9ae5d85391:0x1049d03e12aee749!8m2!3d20.669419!4d-103.418175!16s%2Fg%2F1q2vzcq1y!19sChIJkVPY5ZquKIQRSeeuEj7QSRA?authuser=0&hl=es-419&rclk=1,"оӮ°
+52 33 1815 2203","Horarios de mayor concurrencia
miГ©rcoles
о—…
оўҮ
оҗҲ
EN TIEMPO REALMenos concurrido de lo habitual
6a.m.
9a.m.
12p.m.
3p.m.
6p.m.
9p.m.
12a.m.
оҗү",http://www.facebook.com/Naranja-tacos-756313624499664/?fref=ts,https://lh3.googleusercontent.com/gps-cs-s/APNQkAEM_W9EP1f0qa2KWyBJISFU2pkhEV0ZwXQHLDWoNxxQe7_NlVHDdeIt29EkXB5dRoB6KTtvXSmBSM8Xcp8hTmvvDxPlAcUfkrtjKFAV3m6_NAeu2k-msyPBLYjyP-K-hKZ5ZaON=w1000-h1000-k-no,N/A,false,3261,N/A,N/A,TaquerГӯa
29,TaquerГӯa Orinoco,"Av. Libertad 1890, Americana",4.4,$28вҖ“$45 c/taco,ChicharrГіn de Rib Eye estilo norteГұo,https://www.google.com/maps/search/Taquer%C3%ADa%20Orinoco%20Guadalajara%20Jalisco,"оӮ°
+52 55 5584 0845",N/A,http://www.taqueriaorinoco.com/,https://lh3.googleusercontent.com/gps-cs-s/APNQkAF7os4AjJXPxDWkYl8ymS9doyf5B3xPGboUJbw27MZbFPSKHeaSlQJBf9DCvZgn9Snm8rRiIGqBwx3UtexOQ6vPrQQkLeee_SGDycJNIBEKmMp4n8djUjsXZcWG8kHMJoHpQ_gkF94bVUY=w1000-h1000-k-no,N/A,false,3112,N/A,N/A,N/A
30,TaquerГӯa Guadalajara S D 24-7,"Tacos В· оӨҙ В· Nuevo LeГіn, Av. Santo Domingo 200A",4.4,$100-200,"Los mejores tacos tipo Tlaquepaque, si te terminas la salsa, pide mas!!",https://www.google.com/maps/place/Taquer%C3%ADa+Guadalajara+S+D+24-7/data=!4m7!3m6!1s0x866294b98ca450e1:0x5a9f03943a128e95!8m2!3d25.7535404!4d-100.2726479!16s%2Fg%2F1z44b2czh!19sChIJ4VCkjLmUYoYRlY4SOpQDn1o?authuser=0&hl=es-419&rclk=1,"оӮ°
+52 81 2138 3000","Horarios de mayor concurrencia
miГ©rcoles
о—…
оўҮ
оҗҲ
EN TIEMPO REALPoco concurrido
6a.m.
9a.m.
12p.m.
3p.m.
6p.m.
9p.m.
12a.m.
3a.m.
оҗү",N/A,https://lh3.googleusercontent.com/gps-cs-s/APNQkAHHZoeVAgMLzTE0THhEJJLUyrS-bbiYACrPktXH0Ra8qyfsHn-YSEIEXuW6I3hQBQLYcFDyP4_Fs_RO--phLjGuwpBCEJw3KJszvqnxnkkP_fFcMrCjIpz1QAsr_eyu1WMwPkdI=w1000-h1000-k-no,N/A,false,3012,N/A,N/A,TaquerГӯa
31,Forastero Chivastian,Av. Manuel ГҒvila Camacho 1800,4.6,$100-200,Barbacoa de alta calidad,"https://www.google.com/maps/place/El+Forastero+Chivastian/@20.7040723,-103.3618718,17z/data=!3m1!4b1!4m6!3m5!1s0x8428ae29a0752d35:0x1d6c52259d828ad5!8m2!3d20.7040723!4d-103.3618718!16s%2Fg%2F1pty8bn8s?entry=ttu&g_ep=EgoyMDI2MDUxMS4wIKXMDSoASAFQAw%3D%3D","оӮ°
+52 33 3839 4401","Horarios de mayor concurrencia
jueves
о—…
оўҮ
оҗҲ
EN TIEMPO REALPoco concurrido
6a.m.
9a.m.
12p.m.
3p.m.
6p.m.
9p.m.
оҗү",N/A,https://lh3.googleusercontent.com/gps-cs-s/APNQkAGJyJfOBIT3eKtFmApQqNYU_occQ4SykJGVPv9IsDwUZ8sk95TebaPVQ4X05_lixUrm6yOvlrWyFitMc_i_aonQYaryypYKbu_H3v4LkmG-PS5eNR_mutylO4OI7uYsO6pLTWgViA=w1000-h1000-k-no,N/A,false,2969,,,
32,Tacos Felipe Zetter,Tacos В· C. Felipe Zetter 3495,4.7,$100-200,"Excelentes tacos, hay que llegar temprano para degustar de todos.",https://www.google.com/maps/place/Tacos+Felipe+Zetter/data=!4m7!3m6!1s0x8428ac6b75215b79:0xe00cc2bf20c2a6dc!8m2!3d20.6329323!4d-103.4324258!16s%2Fg%2F1ptw3w5f2!19sChIJeVshdWusKIQR3KbCIL_CDOA?authuser=0&hl=es-419&rclk=1,"оӮ°
+52 33 3631 6767","Horarios de mayor concurrencia
miГ©rcoles
о—…
оўҮ
оҗҲ
EN TIEMPO REALPoco concurrido
6a.m.
9a.m.
12p.m.
3p.m.
6p.m.
9p.m.
оҗү",N/A,https://lh3.googleusercontent.com/gps-cs-s/APNQkAFylISHPZkUlIest5qHNe4wcFbhLyA4o6JXJWg3WbQ3BSKHhtibp5Mecv8twR0073tZ4Gy5_hr4vcj1QNgWM1JAd0QxaHsVOOt-S6DGtQ7QPedMcONw2kAgvD0INxQk2Yu0iCrygQ=w1000-h1000-k-no,N/A,false,2892,N/A,N/A,TaquerГӯa
33,TaquerГӯa La Michoacana,Mexicana В· C. Federico Medrano 862,4.5,$100-200,"4.5(2,798) В· $100-200",https://www.google.com/maps/place/Taquer%C3%ADa+La+Michoacana/data=!4m7!3m6!1s0x8428b2274bef59c3:0xeb874a537700cfce!8m2!3d20.6658219!4d-103.3295807!16s%2Fg%2F1ptz1btrp!19sChIJw1nvSyeyKIQRzs8Ad1NKh-s?authuser=0&hl=es-419&rclk=1,"оӮ°
+52 33 5122 2878","Horarios de mayor concurrencia
miГ©rcoles
о—…
оўҮ
оҗҲ
EN TIEMPO REALUn poco concurrido
6a.m.
9a.m.
12p.m.
3p.m.
6p.m.
9p.m.
12a.m.
оҗү",N/A,https://lh3.googleusercontent.com/gps-cs-s/APNQkAGR86fQiYSAoLRdvuA62f8hgJslh9LoO-6nZ6UMtm-cvh9_-4zX6h6v5lbr5zqkWtH11fCsw-xA0RvhpZauSkLv6n50WvwjlhAtXRGbEtCfXBlNuGjA45mlDsB6KvGbBdOP7f0I=w1000-h1000-k-no,N/A,false,2798,N/A,N/A,TaquerГӯa
34,Naranja Tacos (Suc. Villa Universitaria),Tacos В· Av. Patria 4398,4.3,$100-200,"Los tacos deliciosos, el agua de fruta fresca, muy rica tambiГ©n.",https://www.google.com/maps/place/Naranja+Tacos+%28Suc.+Villa+Universitaria%29/data=!4m7!3m6!1s0x8428aef04aaa5513:0xe8ebb291dbe7c77f!8m2!3d20.6925281!4d-103.4150364!16s%2Fg%2F12llls7n3!19sChIJE1WqSvCuKIQRf8fn25Gy6-g?authuser=0&hl=es-419&rclk=1,"оӮ°
+52 33 2386 5324","Horarios de mayor concurrencia
miГ©rcoles
о—…
оўҮ
оҗҲ
EN TIEMPO REALPoco concurrido
6a.m.
9a.m.
12p.m.
3p.m.
6p.m.
9p.m.
12a.m.
оҗү",https://es-es.facebook.com/pages/Los-Sarapes-tacos-y-papas/258069067556557,https://lh3.googleusercontent.com/gps-cs-s/APNQkAEXCy0O2nAP87gOTDXR0r0HQm6fAZ_DFpqs0n-IdWxMUtAT-QYBWmtLDThJWhuXrzXSQQlCTZSDE0rn6YDErK2N-QDJDzc-PTY2_2vAy-raBa-kbLN0lIcIS1iK2rbqICHvIPnV-A=w1000-h1000-k-no,N/A,false,2798,N/A,N/A,TaquerГӯa
35,Tacos Los Tarascos | Plaza Terranova,"4.2(2,747) В· $100-200",4.2,$100-200,"Muy buenos tacos, las salsas muy ricas y buenos precios.",https://www.google.com/maps/place/Tacos+Los+Tarascos+%7C+Plaza+Terranova/data=!4m7!3m6!1s0x8428ae698d2fd5e9:0x70800d9cf588c5fb!8m2!3d20.6841432!4d-103.3872592!16s%2Fg%2F1thsg79m!19sChIJ6dUvjWmuKIQR-8WI9ZwNgHA?authuser=0&hl=es-419&rclk=1,"оӮ°
+52 33 3641 5385","Horarios de mayor concurrencia
miГ©rcoles
о—…
оўҮ
оҗҲ
EN TIEMPO REALMГЎxima concurrencia
6a.m.
9a.m.
12p.m.
3p.m.
6p.m.
9p.m.
12a.m.
оҗү",https://lostarascos.com.mx/guadalajara-terranova/,https://lh3.googleusercontent.com/gps-cs-s/APNQkAFdDjH5J3myre6bPRsSmQ-G1yy0bTa-WmMxtCd2hFq2Zcv3HnGxlH4sCWmYfXegPo0F1mUmkxJYjnggCwSitx_97tyNz8CdY5WP3gR6OdDUpbJzKiAg4q4OlOTgbHwVSn75BvMkyU56lcaO=w1000-h1000-k-no,N/A,false,2747,N/A,N/A,TaquerГӯa
36,TaquerГӯa Guadalajara,Mexicana В· оӨҙ В· Calle Benito Juarez 201A,4.5,$100-200,Ricos tacos de barbacoa con su salsa estilo Tlaquepaque,https://www.google.com/maps/place/Taquer%C3%ADa+Guadalajara/data=!4m7!3m6!1s0x86629491c6671717:0x840c3c6b7a96b736!8m2!3d25.7547541!4d-100.2926637!16s%2Fg%2F11c4533h8v!19sChIJFxdnxpGUYoYRNreWems8DIQ?authuser=0&hl=es-419&rclk=1,"оӮ°
+52 81 1931 7774","Horarios de mayor concurrencia
miГ©rcoles
о—…
оўҮ
оҗҲ
EN TIEMPO REALUn poco concurrido
6a.m.
9a.m.
12p.m.
3p.m.
6p.m.
9p.m.
12a.m.
3a.m.
оҗү",https://www.instagram.com/taqueria.guadalajara.sn/,https://lh3.googleusercontent.com/gps-cs-s/APNQkAE6I32n1fSDgvgXVecLb1dS6FIjFRDGwNbx2fT7GQuLhP85O3WI1Osy1BVe7cKexJAhm_6tmaitTJPPdnYNAjJzeOu1AXCp6Pv4svOoCes9cm3Hwdqj-2rBIhjG2ZnFlKIOOgbY=w1000-h1000-k-no,N/A,false,2739,N/A,N/A,TaquerГӯa
37,Tacos Luis,Federico E. Ibarra 1077,4.7,$100-200,"2,700+ votos; sabor tapatГӯo","https://www.google.com/maps/place/Tacos+Luis/@20.7100103,-103.3483011,17z/data=!3m1!4b1!4m6!3m5!1s0x8428b1d28e798327:0x791cca91a42cffd6!8m2!3d20.7100103!4d-103.3483011!16s%2Fg%2F11bvt3n3qx?entry=ttu&g_ep=EgoyMDI2MDUxMS4wIKXMDSoASAFQAw%3D%3D","оӮ°
+52 33 2226 6631","Horarios de mayor concurrencia
jueves
о—…
оўҮ
оҗҲ
6a.m.
9a.m.
12p.m.
3p.m.
6p.m.
9p.m.
оҗү",N/A,https://lh3.googleusercontent.com/gps-cs-s/APNQkAHvr-oFxZ5jgedm-hUvfeYcUitdm5GPF9NYS_-205YjHOnti9F2npUsugaKE2YF7UVD9OaFqZUiGQQyfCOFj2-AmGUQMqlue7p_Ic3qExGce2pbbGC7riNO34-_GII2gubFim14Nw=w1000-h1000-k-no,N/A,false,2738,,,
38,Tacos de Barbacoa Omar Carlos Matriz,Tacos В· оӨҙ В· Av. Patria 4970-A,4.2,$100-200,,https://www.google.com/maps/place/Tacos+de+Barbacoa+Omar+Carlos+Matriz/data=!4m7!3m6!1s0x8428adcafa31901b:0xb7463e855f76077c!8m2!3d20.6436035!4d-103.4210767!16s%2Fg%2F1hm3hkqlp!19sChIJG5Ax-sqtKIQRfAd2X4U-Rrc?authuser=0&hl=es-419&rclk=1,"оӮ°
+52 33 3628 2701","Horarios de mayor concurrencia
miГ©rcoles
о—…
оўҮ
оҗҲ
6a.m.
9a.m.
12p.m.
3p.m.
6p.m.
9p.m.
оҗү",https://omarcarlosmatriz.wixsite.com/website,https://lh3.googleusercontent.com/gps-cs-s/APNQkAHW3jKQW6XG6cIyAOTZnOGoiKPnut9EMMCvfDwA6HPgTyl_pD4g7sSuwoVRuKcNVOs5hAXagAJTpbd3d3oB3iZmXW8qUfwUavBDAziYNW-GseGy0s0tmQngmK5thYunt9-NaP4z=w1000-h1000-k-no,N/A,false,2729,N/A,N/A,TaquerГӯa
39,Restaurante Los Rehiletes,Mexicana В· оӨҙ В· C. Galeana 114,4.3,$100-200,Su especialidad son los tacos al pastor la verdad recomendable.,https://www.google.com/maps/place/Restaurante+Los+Rehiletes/data=!4m7!3m6!1s0x8428b1faf3b2abb5:0x9da92bd3815f3658!8m2!3d20.6747973!4d-103.3489627!16s%2Fg%2F1ptwc6gpy!19sChIJtauy8_qxKIQRWDZfgdMrqZ0?authuser=0&hl=es-419&rclk=1,"оӮ°
+52 33 3613 4935","Horarios de mayor concurrencia
miГ©rcoles
о—…
оўҮ
оҗҲ
6a.m.
9a.m.
12p.m.
3p.m.
6p.m.
9p.m.
оҗү",https://www.facebook.com/pages/Los-Rehiletes-Taqueria/1425174004407448,https://lh3.googleusercontent.com/gps-cs-s/APNQkAENOx6Qjt70gpiI0UwG7tpDmZDWe9tlU28g2UaV7NnDeAerbLnKTRYWHSprtfkHPoPFqxUn5ikEB8opd5usg859PJKepBzvh-S0chrnf1CxZVZHmiftRxNxfBS7Ib_zzXgfxBce=w1000-h1000-k-no,N/A,false,2693,N/A,N/A,Restaurante
40,Habanero Negro,LГіpez Cotilla 1228-A,4.5,$200-300,Tacos de cochinita y pork belly,"https://www.google.com/maps/place/El+Habanero+Negro/@20.6740157,-103.3637309,17z/data=!3m1!4b1!4m6!3m5!1s0x8428ae036f940001:0x3a2043ff043b31d6!8m2!3d20.6740157!4d-103.3637309!16s%2Fg%2F11hbmt6mv9?entry=ttu&g_ep=EgoyMDI2MDUxMS4wIKXMDSoASAFQAw%3D%3D",N/A,"Horarios de mayor concurrencia
jueves
о—…
оўҮ
оҗҲ
6a.m.
9a.m.
12p.m.
3p.m.
6p.m.
9p.m.
12a.m.
оҗү",https://www.instagram.com/elhabaneronegro/,https://lh3.googleusercontent.com/gps-cs-s/APNQkAHCyOkBwxJ_onWHptb-K8QBhmOuaagdaMGS-KbZeW70THrykYBUbsXKHs1wRy3uNqf2iSkxGsHaokZRtM0sT0x8iu8mJIOtL_wQhtyGLjpRwEK38Th8J9GztsJtxmsSn7db40f11DyoxUWE=w1000-h1000-k-no,N/A,false,2616,N/A,N/A,N/A
41,Tacos Charlie,"4.5(2,570) В· $100-200",4.5,$100-200,,https://www.google.com/maps/place/Tacos+Charlie/data=!4m7!3m6!1s0x8428aeec3fbe074b:0xaa54140955a81f94!8m2!3d20.687811!4d-103.420725!16s%2Fg%2F1ptxmykjl!19sChIJSwe-P-yuKIQRlB-oVQkUVKo?authuser=0&hl=es-419&rclk=1,"оӮ°
+52 33 3629 1080","Horarios de mayor concurrencia
miГ©rcoles
о—…
оўҮ
оҗҲ
6a.m.
9a.m.
12p.m.
3p.m.
6p.m.
9p.m.
оҗү",N/A,https://lh3.googleusercontent.com/gps-cs-s/APNQkAFuRmVCuyxsU4Iiky-TImgWLjxYhofzncOF9L_7LrhH3OH9Gr_G07RFL5pDpobN2s-y86mCKqdQnlS3qBcoYQi-C6c6OgSS9Q2XGaCd2GXxGig-lUM4rJO6AUHzOsclog19GPxiLQ=w1000-h1000-k-no,N/A,false,2570,N/A,N/A,TaquerГӯa
42,TaquerГӯa MГ©xico,JosГ© MarГӯa Morelos 1833,4.6,$100-200,"2,500+ votos; cГ©ntrico y rГЎpido","https://www.google.com/maps/place/Taquer%C3%ADa+M%C3%A9xico/@20.6758322,-103.3721838,17z/data=!3m1!4b1!4m6!3m5!1s0x8428ae1a78d50e85:0x8dea3efd5ad53a0e!8m2!3d20.6758322!4d-103.3721838!16s%2Fg%2F1vyxjr1j?entry=ttu&g_ep=EgoyMDI2MDUxMS4wIKXMDSoASAFQAw%3D%3D","оӮ°
+52 33 3615 5068","Horarios de mayor concurrencia
jueves
о—…
оўҮ
оҗҲ
EN TIEMPO REALMuy poco concurrido
6a.m.
9a.m.
12p.m.
3p.m.
6p.m.
9p.m.
оҗү",N/A,https://lh3.googleusercontent.com/gps-cs-s/APNQkAE2iY9SvOYDDNgsdCdk1IRdAzuubFD9TKsviCARYQ-b4vi5OnpArJXxGL2Ok9FvEd3j8MBlXX1jX5M4sGXRtBVeBqUZVNdu7rn64h8uvtW9F7np-ou7XeipWeQrNGlgqfttannL=w1000-h1000-k-no,N/A,false,2561,N/A,N/A,N/A
43,Tacos al Pastor Fonseca,Tacos В· Av. MГ©xico 2047,4.1,$100-200,Excelente lugar para comer deliciosos tacos al pastor y quesadillas...,https://www.google.com/maps/place/Tacos+al+Pastor+Fonseca/data=!4m7!3m6!1s0x8428ae1a7cba5a79:0x26e3c6142e9a9254!8m2!3d20.6788517!4d-103.3696391!16s%2Fg%2F1q2w7wm7s!19sChIJeVq6fBquKIQRVJKaLhTG4yY?authuser=0&hl=es-419&rclk=1,"оӮ°
+52 33 2016 0543","Horarios de mayor concurrencia
miГ©rcoles
о—…
оўҮ
оҗҲ
6a.m.
9a.m.
12p.m.
3p.m.
6p.m.
9p.m.
оҗү",https://www.facebook.com/tacosalpastorfonsecalosoriginales/,https://lh3.googleusercontent.com/gps-cs-s/APNQkAGQ93_oEpGTbsS2AtFPHPjcI5ffonmv9JAz1QcZzOU3nyDqD0Xp_wLvPaXyKO-d6WJcxoi5bdldWRKzGt5s4C847bIXyFdvRZyMbM1iCOKOMBON6TWMv6MEfKOVeT1Vf9LDIFWn=w1000-h1000-k-no,N/A,false,2532,N/A,N/A,TaquerГӯa
44,Tacos De Barbacoa El Che & Mesie,Tacos В· оӨҙ В· Av. Atemajac 2175-B,4.4,$1-100,,https://www.google.com/maps/place/Tacos+De+Barbacoa+El+Che+%26+Mesie/data=!4m7!3m6!1s0x8428afd73c153a35:0xb4f5f0196b776f31!8m2!3d20.7209007!4d-103.3633628!16s%2Fg%2F1ptygrqpd!19sChIJNToVPNevKIQRMW93axnw9bQ?authuser=0&hl=es-419&rclk=1,"оӮ°
+52 33 3366 3078","Horarios de mayor concurrencia
miГ©rcoles
о—…
оўҮ
оҗҲ
6a.m.
9a.m.
12p.m.
3p.m.
6p.m.
9p.m.
оҗү",https://www.facebook.com/share/14FAH8j4SfY/?mibextid=wwXIfr,https://lh3.googleusercontent.com/gps-cs-s/APNQkAEc3ptzpjV-yy9nY-21IOn8Vk9xmnNKSV2tV2tXekUIGzr0GpaMruxyCwb3B3WGt-3cO8flNODm9e4lMxGO9W8OA0dL4JQpkfGgFqQNgDCrq0v-dsCVfdKUXMWjdLKiduUmORgxEQ=w1000-h1000-k-no,N/A,false,2517,N/A,N/A,TaquerГӯa
45,TaquerГӯa Kalitos,"4.5(2,487) В· $100-200",4.5,$100-200,,https://www.google.com/maps/place/Taquer%C3%ADa+Kalitos/data=!4m7!3m6!1s0x8428aeb608920bd5:0x179246baf56f9bdb!8m2!3d20.6797596!4d-103.4505942!16s%2Fg%2F1pt_5ny0q!19sChIJ1QuSCLauKIQR25tv9bpGkhc?authuser=0&hl=es-419&rclk=1,"оӮ°
+52 33 3719 8237","Horarios de mayor concurrencia
miГ©rcoles
о—…
оўҮ
оҗҲ
6a.m.
9a.m.
12p.m.
3p.m.
6p.m.
9p.m.
оҗү",N/A,https://lh3.googleusercontent.com/gps-cs-s/APNQkAFdqnm82JbsJtgYzrCGvOv118-aGq_iCToMvTysiOnmYP1waM13qgNrPVkoqE7cIKyV_Tnyn0ZCuGqMRV4b0KDUESYQ73f44hJnlTAdPNwgusWkKhkxUmvqLYDlbQqIGTKU-vQR=w1000-h1000-k-no,N/A,false,2487,N/A,N/A,TaquerГӯa
46,Tripitas Tacos Gdl - Jardines De La Paz,"4.5(2,486) В· $100-200",4.5,$100-200,Una experiencia Гәnica ya hacia falta probar unos tacos tan deliciosos.,https://www.google.com/maps/place/Tripitas+Tacos+Gdl+-+Jardines+De+La+Paz/data=!4m7!3m6!1s0x8428b3d82c8e1f73:0xd428498416f314a8!8m2!3d20.6480347!4d-103.3004001!16s%2Fg%2F11h61rnc8x!19sChIJcx-OLNizKIQRqBTzFoRJKNQ?authuser=0&hl=es-419&rclk=1,"оӮ°
+52 33 1488 4651","Horarios de mayor concurrencia
miГ©rcoles
о—…
оўҮ
оҗҲ
EN TIEMPO REALMenos concurrido de lo habitual
6a.m.
9a.m.
12p.m.
3p.m.
6p.m.
9p.m.
оҗү",https://www.facebook.com/TripitasTacosGdl/,https://lh3.googleusercontent.com/gps-cs-s/APNQkAELCLJzfioE7qBINbcY7MLDYUxN4DzjpdsUUk9gAAr3jwTXzkuf-i41FBDm1liuPWsv-OEx0rL0toQRHPOF3wdBbX6NQALfQWMINX2OduVb2YbH6Dd2p_iNYy5vSRu4WWWufOA=w1000-h1000-k-no,N/A,false,2486,N/A,N/A,TaquerГӯa
47,Tacos Arandas,"4.4(2,380) В· $100-200",4.4,$100-200,"4.4(2,380) В· $100-200",https://www.google.com/maps/place/Tacos+Arandas/data=!4m7!3m6!1s0x8428af96e39fa90b:0xd34a182df141ece3!8m2!3d20.6589851!4d-103.4460351!16s%2Fg%2F11h2db4x3s!19sChIJC6mf45avKIQR4-xB8S0YStM?authuser=0&hl=es-419&rclk=1,N/A,"Horarios de mayor concurrencia
miГ©rcoles
о—…
оўҮ
оҗҲ
EN TIEMPO REALMГЎxima concurrencia
6a.m.
9a.m.
12p.m.
3p.m.
6p.m.
9p.m.
12a.m.
оҗү",N/A,https://lh3.googleusercontent.com/gps-cs-s/APNQkAE68I3L_ZvWgEINVBFyEf4QIp60sM9yspEu_VbYWjXhBq_xGR0wDpwcEdzKPvae2dWuv0j7Ut_crcBCSnH4fddaZ1btTBWv2BOsvueU8368Du1lB2Wc6AA-lgMW8mk5_aNLNCf5qw=w1000-h1000-k-no,N/A,false,2380,N/A,N/A,TaquerГӯa
48,Naranja Tacos (Plan de San Luis),Mexicana В· Av. Plan de San Luis 1657A,4.4,$100-200,Los tacos de pastor sГәper buenГӯsimos estilo MГ©xico si los recomiendo,https://www.google.com/maps/place/Naranja+Tacos+%28Plan+de+San+Luis%29/data=!4m7!3m6!1s0x8428ae2656be3657:0x3f1f1aa27831e2aa!8m2!3d20.6968931!4d-103.3619978!16s%2Fg%2F1ptx3qgcy!19sChIJVza-ViauKIQRquIxeKIaHz8?authuser=0&hl=es-419&rclk=1,"оӮ°
+52 33 3824 0779","Horarios de mayor concurrencia
miГ©rcoles
о—…
оўҮ
оҗҲ
EN TIEMPO REALMГЎxima concurrencia
6a.m.
9a.m.
12p.m.
3p.m.
6p.m.
9p.m.
12a.m.
оҗү",https://www.facebook.com/Naranja-tacos-756313624499664/?fref=ts,https://lh3.googleusercontent.com/gps-cs-s/APNQkAHhdqJDD1Qb_dbXsPwsdEuvEjWecmfXIJ2NDbJnANp94My_ITW8wXU4uVP8JYu5gi7ElS8JNz2ZMpyKS92m0__EQsUyX0MhGwNSqDOz8Ha9HJ-idG1Okx2MZxVq7z-IdBfXhlVctQ=w1000-h1000-k-no,N/A,false,2355,N/A,N/A,TaquerГӯa
49,TaquerГӯa Los AlteГұos,"Tacos В· оӨҙ В· Av. Obsidiana 3176-Local 5, 6 y 7",4.2,$100-200,"Muy buenos tacos sea de dГӯa o de noche, los tacos son buenГӯsimos!",https://www.google.com/maps/place/Taquer%C3%ADa+Los+Alte%C3%B1os/data=!4m7!3m6!1s0x8428adcbf23db5d9:0x499c3ad5d9b4ac39!8m2!3d20.6435528!4d-103.4001811!16s%2Fg%2F1ptw_24bn!19sChIJ2bU98sutKIQROay02dU6nEk?authuser=0&hl=es-419&rclk=1,"оӮ°
+52 33 1886 9207","Horarios de mayor concurrencia
miГ©rcoles
о—…
оўҮ
оҗҲ
EN TIEMPO REALUn poco concurrido
6a.m.
9a.m.
12p.m.
3p.m.
6p.m.
9p.m.
12a.m.
оҗү",https://www.facebook.com/pages/Taqueria-los-alte%C3%B1os/467351483405727,https://lh3.googleusercontent.com/gps-cs-s/APNQkAHcw7p3czZExmbRdqrEoUF-Aum3v-8lRyjxTc2RdTRkrdwr3XMh85vUjb3KvV7XWh3nwYS-K7yjsz3eugXQ-A93Q2vAACgAggPdowFAlTGOz1Ki-o3_nldukUzoh-Sc3NsKFnhC=w1000-h1000-k-no,N/A,false,2330,N/A,N/A,TaquerГӯa
50,Los Sarapes tacos y papas,Mexicana В· оӨҙ В· Av. Juan Palomar y Arias 208,4.2,$100-200,"Muy buenos tacos, ambiente agradable y excelente servicio",https://www.google.com/maps/place/Los+Sarapes+tacos+y+papas/data=!4m7!3m6!1s0x8428aeeaa8bb9059:0xec781649d337f29!8m2!3d20.6833445!4d-103.4277624!16s%2Fg%2F1ptxn2g2h!19sChIJWZC7qOquKIQRKX8znWSBxw4?authuser=0&hl=es-419&rclk=1,"оӮ°
+52 33 3110 6347","Horarios de mayor concurrencia
miГ©rcoles
о—…
оўҮ
оҗҲ
EN TIEMPO REALPoco concurrido
6a.m.
9a.m.
12p.m.
3p.m.
6p.m.
9p.m.
12a.m.
оҗү",N/A,https://lh3.googleusercontent.com/gps-cs-s/APNQkAFWu1lhdA3YKhCMvp55VlAlJmCkKvOOVy5ycPAn8JwKmGvMMV8J-hW1EmALAGu9WLwpcWRYHtuXyLHXqtE1pStSV0jD37XELlucp6JNSpObsxrHJ55Q7YYPo0M0pojoFZfdS0F5=w1000-h1000-k-no,N/A,false,2193,N/A,N/A,Restaurante mexicano
51,Suegras Tapatias Don Miguel,Tacos В· оӨҙ В· C. Fray JunГӯpero Serra 1146,4.5,$100-200,"Tienen salsas de diferentes tipos, incluyendo guacamole.",https://www.google.com/maps/place/Suegras+Tapatias+Don+Miguel/data=!4m7!3m6!1s0x8428b1d4bde5f7f9:0x5392adbe289b0961!8m2!3d20.6940255!4d-103.3416574!16s%2Fg%2F11bzy_tq4q!19sChIJ-fflvdSxKIQRYQmbKL6tklM?authuser=0&hl=es-419&rclk=1,"оӮ°
+52 33 1069 9098","Horarios de mayor concurrencia
miГ©rcoles
о—…
оўҮ
оҗҲ
EN TIEMPO REALUn poco concurrido
6a.m.
9a.m.
12p.m.
3p.m.
6p.m.
9p.m.
12a.m.
оҗү",N/A,https://lh3.googleusercontent.com/gps-cs-s/APNQkAE68HgYszK96DIjrXJWbqyq0RbJRCZnuQ8GpXXcr8q-JUqacA5_2GYMl3KcC6ogcaK-_k83pvHTTPJMton7gSdtpL83WsPog-9mFPJzDutL_hydshSju69f_nnO6Pj0r3L1srPDg9HTHkcj=w1000-h1000-k-no,N/A,false,2070,N/A,N/A,TaquerГӯa
52,Tacos Chava,Manuel AcuГұa 1554,4.7,$100-200,"2,000+ votos; barbacoa dorada","https://www.google.com/maps/place/Tacos+Chava/@20.684332,-103.3695941,17z/data=!3m1!4b1!4m6!3m5!1s0x8428ae19d31d89ad:0xf1d8c9c94dfad3c!8m2!3d20.684332!4d-103.3695941!16s%2Fg%2F11bwnrbmpt?entry=ttu&g_ep=EgoyMDI2MDUxMS4wIKXMDSoASAFQAw%3D%3D","оӮ°
+52 33 1026 7263","Horarios de mayor concurrencia
jueves
о—…
оўҮ
оҗҲ
6a.m.
9a.m.
12p.m.
3p.m.
6p.m.
9p.m.
оҗү",N/A,https://lh3.googleusercontent.com/gps-cs-s/APNQkAFErgJl1cjxYhuaX2Qxe_gXVZdaeQnqDMhLpZl2sqrE4pTzrpsMn6N1s3tkPQWjAwqhN3GpIxs3tZzOrmg8nUSBuCy48Qt9i2zfRTAtC8KRUj1QX6FkSKjoQ9YLrG2T9X6k0Dfe4aUCX-4=w1000-h1000-k-no,N/A,false,2051,,,
53,Tacos los acapulqueГұos,Tacos В· Av. de la Mancha 660,4.5,$100-200,"Los mejores tacos de cabeza (todas las variedades) , bistec y chorizo.",https://www.google.com/maps/place/Tacos+los+acapulque%C3%B1os/data=!4m7!3m6!1s0x8428a50a28ceb679:0xbb4ca846f3f6d4ce!8m2!3d20.7466081!4d-103.4007598!16s%2Fg%2F11h6d75d46!19sChIJebbOKAqlKIQRztT280aoTLs?authuser=0&hl=es-419&rclk=1,N/A,"Horarios de mayor concurrencia
miГ©rcoles
о—…
оўҮ
оҗҲ
Cerrado los miГ©rcolesвҖ”elige otro dГӯa
оҗү",N/A,https://lh3.googleusercontent.com/gps-cs-s/APNQkAG25qZw93j0QlzEhIARFCpysYV2lByNsP4_NwP-A8P70wmlV-3Ba6Qzq411AR4kihFv8B2k3NO2qAN7l-YxZ4sUYV8uYEzbiUgtADvQUmvQSAj_jV_mVEj2ToyGdp3WSXLFfxcN=w1000-h1000-k-no,N/A,false,1996,N/A,N/A,TaquerГӯa
54,Restaurante Los Ilustres,Restaurante В· Av. Alcalde 118,4.6,$200-300,"La comida muy buena, buen trato solo se equivocaron con mi bebida",https://www.google.com/maps/place/Restaurante+Los+Ilustres/data=!4m7!3m6!1s0x8428b1ab57acb823:0x84455d84c759d53b!8m2!3d20.6781676!4d-103.3473349!16s%2Fg%2F11shscv3_1!19sChIJI7isV6uxKIQRO9VZx4RdRYQ?authuser=0&hl=es-419&rclk=1,"оӮ°
+52 33 1711 6071","Horarios de mayor concurrencia
miГ©rcoles
о—…
оўҮ
оҗҲ
6a.m.
9a.m.
12p.m.
3p.m.
6p.m.
9p.m.
оҗү",http://losilustres.mx/,https://lh3.googleusercontent.com/gps-cs-s/APNQkAEF-QX44sqa4LRARxIs2hoUbwNkPMQfcROacrVU3B4lll34pA9puNVLsr8u54_pGS9ruR6YngHU7SYraQe9qalJIUzkEKQJBvqgWpWaHZVZghYuS7howyMtwYYjHUtAyRWwDFsDIA=w1000-h1000-k-no,N/A,false,1944,N/A,N/A,Restaurante
55,TaquerГӯa Arandas desde 1991,Tacos В· оӨҙ В· Av. Enrique LadrГіn de Guevara 2215,4.4,$100-200,"Muy ricos sus tacos, papГЎs rellenas aguas frescas, etcГ©tera",https://www.google.com/maps/place/Taquer%C3%ADa+Arandas+desde+1991/data=!4m7!3m6!1s0x8428ac15a8dea263:0xc31701e28884351d!8m2!3d20.6389764!4d-103.4304299!16s%2Fg%2F1ptx3f9n4!19sChIJY6LeqBWsKIQRHTWEiOIBF8M?authuser=0&hl=es-419&rclk=1,N/A,"Horarios de mayor concurrencia
miГ©rcoles
о—…
оўҮ
оҗҲ
EN TIEMPO REALUn poco concurrido
6a.m.
9a.m.
12p.m.
3p.m.
6p.m.
9p.m.
12a.m.
оҗү",N/A,https://lh3.googleusercontent.com/gps-cs-s/APNQkAEB0tJLnFdn-Bor0DANGjZo_qw9mO9qbP8flSl7BufLXD4qFFez7K57UI9dhHn1vQzN9uJwE7CxCtHM617XRRosmQo7Y9nZ2J3OW99OpRyjson5HGVmDdII6uOnKgGXL3aCJScO=w1000-h1000-k-no,N/A,false,1898,N/A,N/A,TaquerГӯa
56,TAQUERГҚA LOS CLГҒSICOS ARBOLEDAS,Tacos В· оӨҙ В· Av. NicolГЎs CopГ©rnico 3959,4.6,$100-200,"Los tacos tienen buen sabor, la porciГіn es la que puede ser cuestionable.",https://www.google.com/maps/place/TAQUER%C3%8DA+LOS+CL%C3%81SICOS+ARBOLEDAS/data=!4m7!3m6!1s0x8428ad9628aa51e9:0xbdb045330886d8c9!8m2!3d20.6293142!4d-103.4224851!16s%2Fg%2F11rxvkvsrh!19sChIJ6VGqKJatKIQRydiGCDNFsL0?authuser=0&hl=es-419&rclk=1,"оӮ°
+52 33 2338 9373","Horarios de mayor concurrencia
miГ©rcoles
о—…
оўҮ
оҗҲ
EN TIEMPO REALMenos concurrido de lo habitual
6a.m.
9a.m.
12p.m.
3p.m.
6p.m.
9p.m.
оҗү",https://linktr.ee/pataquear,https://lh3.googleusercontent.com/gps-cs-s/APNQkAGpVOhtUqBBpK6O8DP4By6ux2nv3cC_GBtAsGZptkpRpgclPZ8BK5Pl39TIxG5_Q6CBYH6HLTlz4ghVP67hAldEUOjmLa8P-otpV_tKNPf8BhPsn2m2XGHsSkDzwpewyyGYFv7wtRMkkV5G=w1000-h1000-k-no,N/A,false,1889,N/A,N/A,TaquerГӯa
57,El GГјero AlteГұo Clouthier,"4.3(1,880) В· $100-200",4.3,$100-200,"Deliciosos tacos, ademГЎs las porciones muy abundantes.",https://www.google.com/maps/place/El+G%C3%BCero+Alte%C3%B1o+Clouthier/data=!4m7!3m6!1s0x8428ac225c21e0f5:0xcc06d2fe37e22657!8m2!3d20.6509173!4d-103.4264253!16s%2Fg%2F1ptzqv_1h!19sChIJ9eAhXCKsKIQRVybiN_7SBsw?authuser=0&hl=es-419&rclk=1,"оӮ°
+52 33 3620 2040","Horarios de mayor concurrencia
miГ©rcoles
о—…
оўҮ
оҗҲ
EN TIEMPO REALMuy poco concurrido
6a.m.
9a.m.
12p.m.
3p.m.
6p.m.
9p.m.
оҗү",http://www.elgueroalteno.com/,https://lh3.googleusercontent.com/gps-cs-s/APNQkAFsoIOcFk_z2vmioQUgkvVSnfbBBqcwRs5--JzaPRA1kFAX0YacKhSez7R3CICGgrc5hI_a-LhTGmFVS1KqL7QXcuUo2Eo4IcsJNq1XV0UUAFCWx4JIZwNJocIWangkiShAZwn0utJ4arIb=w1000-h1000-k-no,N/A,false,1880,N/A,N/A,TaquerГӯa
58,Asaditos Los Compitas,Tacos В· оӨҙ В· Av. NiГұo Obrero 656,4.4,$100-200,"Los tacos riquГӯsimos, la atenciГіn del mesero Luis ГҒngel fue espectacular.",https://www.google.com/maps/place/Asaditos+Los+Compitas/data=!4m7!3m6!1s0x8428af1c4f7bc789:0x24a0d673caede51a!8m2!3d20.6676474!4d-103.4093863!16s%2Fg%2F11bxg1kfxx!19sChIJicd7TxyvKIQRGuXtynPWoCQ?authuser=0&hl=es-419&rclk=1,"оӮ°
+52 33 2472 0205","Horarios de mayor concurrencia
miГ©rcoles
о—…
оўҮ
оҗҲ
EN TIEMPO REALMenos concurrido de lo habitual
6a.m.
9a.m.
12p.m.
3p.m.
6p.m.
9p.m.
12a.m.
оҗү",N/A,https://lh3.googleusercontent.com/gps-cs-s/APNQkAFYFOlSKlGdhGofw_nzeuxaswXGufLbnC206yQ2cXnVla0b6SSNy-WPeiWhUpg4IilaLF1EJ8X4CrjGVmOs9XntpOjijVB-jW_9t1jayOxX9oJf75VVyfi0SfiGzFdgXLE0QOMSGxm-vFc=w1000-h1000-k-no,N/A,false,1836,N/A,N/A,TaquerГӯa
59,Tacos GascГіn,Tacos В· оӨҙ В· Av. Alemania 1803,4.6,$100-200,"Ricos tacos de cabeza, carnaza, cachete, tripas bien doradita y lengua.",https://www.google.com/maps/place/Tacos+Gasc%C3%B3n/data=!4m7!3m6!1s0x8428ae07313d5fed:0x81d4a063dbdd2ce9!8m2!3d20.6662361!4d-103.3653776!16s%2Fg%2F11clztmqrr!19sChIJ7V89MQeuKIQR6Szd22Og1IE?authuser=0&hl=es-419&rclk=1,"оӮ°
+52 33 2725 7437","Horarios de mayor concurrencia
miГ©rcoles
о—…
оўҮ
оҗҲ
EN TIEMPO REALMenos concurrido de lo habitual
6a.m.
9a.m.
12p.m.
3p.m.
6p.m.
9p.m.
оҗү",http://www.tacosgascon.com.mx/,https://lh3.googleusercontent.com/gps-cs-s/APNQkAFBzBDBW28AMj15uBkiRDiQH52GXua5LrmdFkNRLs_LxLbb4nfqAHdVra9qsKQX4E4u2hT1hfLIFkDt6U7uBhJvHRgmZkE5zboB7q_6X-MiHs2TjSo2-Iuhsc203OP-C2Lfo6h-KA=w1000-h1000-k-no,N/A,false,1813,N/A,N/A,TaquerГӯa
60,TaquerГӯa Jorge,"4.2(1,785) В· $100-200",4.2,$100-200,"Muy buenos los tacos y baratos, y el personal te atiene muy bien 5/5",https://www.google.com/maps/place/Taquer%C3%ADa+Jorge/data=!4m7!3m6!1s0x8428b10c5e82656f:0x2290649806f68245!8m2!3d20.6883406!4d-103.2936762!16s%2Fg%2F11h07fq34t!19sChIJb2WCXgyxKIQRRYL2BphkkCI?authuser=0&hl=es-419&rclk=1,"оӮ°
+52 33 1485 9962","Horarios de mayor concurrencia
miГ©rcoles
о—…
оўҮ
оҗҲ
EN TIEMPO REALMГЎxima concurrencia
6a.m.
9a.m.
12p.m.
3p.m.
6p.m.
9p.m.
12a.m.
оҗү",https://www.facebook.com/Taqueria-Jorge-467669906704622/,https://lh3.googleusercontent.com/gps-cs-s/APNQkAGzchw9VhfdAkuIQBCwCXssD0JxAKgYu5sS8fJkn-1VLdTVm_dcYfkbxjBX_5qCGk9P13MW7cG-E4WDIK1IW1iBFznt_H9ciWNNQmx_uJCgHmffFZQFz7ZAfyi3IE5IZqIgnGA2=w1000-h1000-k-no,N/A,false,1785,N/A,N/A,TaquerГӯa
61,"Ta carbon ""talpita""","Restaurante В· оӨҙ В· Calle basilio badillo, Sta. Fe 1100",4.7,$100-200,"Tacos muy ricos y bien servidos, excelente variedad de salsas.",https://www.google.com/maps/place/Ta+carbon+%22talpita%22/data=!4m7!3m6!1s0x8428b11491cb2eed:0xfac5defb86e69d6!8m2!3d20.6891272!4d-103.308535!16s%2Fg%2F11hz99_b_2!19sChIJ7S7LkRSxKIQR1mluuO9drA8?authuser=0&hl=es-419&rclk=1,"оӮ°
+52 33 1641 6025","Horarios de mayor concurrencia
miГ©rcoles
о—…
оўҮ
оҗҲ
EN TIEMPO REALMenos concurrido de lo habitual
6a.m.
9a.m.
12p.m.
3p.m.
6p.m.
9p.m.
оҗү",https://www.facebook.com/T%C3%A1-Carb%C3%B3n-103511987680611/,https://lh3.googleusercontent.com/gps-cs-s/APNQkAEKY3iubhTMWIL3tIpKKeyEGhIepKnIRa16TS7J5DezsUhI4qirKQZyYvp2Lgpxup3zq8TY6PTBrBO4wXN5nkik98pK6i2fFX57JYkhQ1xsCEygyQZTgs8doLWi_keszagb4yg=w1000-h1000-k-no,N/A,false,1749,N/A,N/A,Restaurante
62,Tacos del Parque,Tacos В· C. El Sol,4.6,$100-200,"Muy buenos los tacos, hay de cabeza, pastor, bistec, chorizo.",https://www.google.com/maps/place/Tacos+del+Parque/data=!4m7!3m6!1s0x8428af608135faa7:0x6d453faf9afa7a55!8m2!3d20.6629933!4d-103.3854196!16s%2Fg%2F11hdnlbjty!19sChIJp_o1gWCvKIQRVXr6mq8_RW0?authuser=0&hl=es-419&rclk=1,"оӮ°
+52 33 2042 6639",N/A,N/A,https://lh3.googleusercontent.com/gps-cs-s/APNQkAGZWvR-OPLPr2Zb6djrmsgxj6mhPmym2syxTaCC8JNxxqdN480TQ13K38sFj_4P4RRrSJg7x6fGhfsVJlMbqWtEIhH0dGoOMll0Humqpj55cgR-YGyhivC0TCq4oL4Xgn6erj7pdA=w1000-h1000-k-no,N/A,false,1715,N/A,N/A,TaquerГӯa
63,Anita Li,"Av. MГ©xico 2903, Vallarta Nte",4.6,$300-800,Taco de camarГіn en jГӯcama,"https://www.google.com/maps/place/Anita+Li/@20.6717182,-103.3964211,17z/data=!4m10!1m2!2m1!1sAnita+Li+Av.+M%C3%A9xico+2903,+Vallarta+Nte+Guadalajara!3m6!1s0x8428ae705cdd2555:0xf64d126ff861697c!8m2!3d20.6717182!4d-103.3916575!15sCjNBbml0YSBMaSBBdi4gTcOpeGljbyAyOTAzLCBWYWxsYXJ0YSBOdGUgR3VhZGFsYWphcmFaMyIxYW5pdGEgbGkgYXYgbcOpeGljbyAyOTAzIHZhbGxhcnRhIG50ZSBndWFkYWxhamFyYZIBCnJlc3RhdXJhbnSaAURDaTlEUVVsUlFVTnZaRU5vZEhsalJqbHZUMnRvV0U1WVZrUmhSVXA0WkRKd1RsTnFiSHBXVlVwT1QxVkdlbUZ1WXhBQuABAPoBBAhnEDk!16s%2Fg%2F1hbpwrxsn?entry=ttu&g_ep=EgoyMDI2MDUxMS4wIKXMDSoASAFQAw%3D%3D","оӮ°
+52 33 3647 4757","Horarios de mayor concurrencia
jueves
о—…
оўҮ
оҗҲ
6a.m.
9a.m.
12p.m.
3p.m.
6p.m.
9p.m.
оҗү",http://anitali.mx/,https://lh3.googleusercontent.com/gps-cs-s/APNQkAEOiTBr__xInfD4keO2vI7luokXCJ22E6BthvaIUNlgOfwf0FwmWbhcz6k6uZJHxX7Z9KiSRQIYgaN12Vgo7qn_vDrJWIRzif5hbOF_IP0GpC3nox5Vfx3DkDtXYlZAodcwlLS9T7AGFqWi=w1000-h1000-k-no,N/A,false,1687,N/A,N/A,N/A
64,TaquerГӯas Guadalajara,"4.1(1,680) В· $10-20",4.1,$10-20,"Muy ricos tacos, pedГӯ de lengua y un agua de horchata, todo deliciosoooo!!",https://www.google.com/maps/place/Taquer%C3%ADas+Guadalajara/data=!4m7!3m6!1s0x80dcd62284c84753:0x4e858fe3cb3083b5!8m2!3d33.8405474!4d-117.9153843!16s%2Fg%2F1vl5h26g!19sChIJU0fIhCLW3IARtYMwy-OPhU4?authuser=0&hl=es-419&rclk=1,"оӮ°
+1 714-758-1370","Horarios de mayor concurrencia
miГ©rcoles
о—…
оўҮ
оҗҲ
EN TIEMPO REALMГЎs concurrido de lo habitual
6a.m.
9a.m.
12p.m.
3p.m.
6p.m.
9p.m.
оҗү",http://www.taqueriasguadalajara.com/,https://lh3.googleusercontent.com/gps-cs-s/APNQkAEpkkLjCbNPF6JzFxu49BQykuUJp2OL_UOMDarGhYktKfDIY_NgZgkVsrkg4utcc_9qOx6Lu2gyB9Gte-hCxxyTMeD2Hy0uYzQKWmS5LCrxTXeRV4Qh3dYGERBV2kQHWTmncDA=w1000-h1000-k-no,N/A,false,1680,N/A,N/A,Restaurante mexicano
65,Tacos El Гҡnico (Los grasosos),"4.6(1,673) В· $1-100",4.6,$1-100,Tacos de barbacoa doraditos super buenos y te atienden muy rГЎpido.,https://www.google.com/maps/place/Tacos+El+%C3%9Anico+%28Los+grasosos%29/data=!4m7!3m6!1s0x8428b23b52fb5dd3:0xdc98af3883f29f2f!8m2!3d20.655381!4d-103.3293889!16s%2Fg%2F11clp3jkb9!19sChIJ0137UjuyKIQRL5_ygzivmNw?authuser=0&hl=es-419&rclk=1,"оӮ°
+52 33 2014 7028","Horarios de mayor concurrencia
miГ©rcoles
о—…
оўҮ
оҗҲ
6a.m.
9a.m.
12p.m.
3p.m.
6p.m.
9p.m.
оҗү",N/A,https://lh3.googleusercontent.com/gps-cs-s/APNQkAEO6AI2497pV9KjSWTZtVr1JqC0acSgJISmLVTHthchxOnlOlHMIHHSPzv0v8wZm3E99iNGi3MSIgbppA7TDNN-REQAoW2vVQX2LEV60F67F-kahlpbauG5kGsvk2oTi9RPJDJQ=w1000-h1000-k-no,N/A,false,1673,N/A,N/A,TaquerГӯa
66,TuTaco,"Tacos В· оӨҙ В· Avenida General RamГіn Corona, Local A 2425",4.8,$100-200,"Tacos deliciosos, la barbacoa muy limpia y cero grasosa.",https://www.google.com/maps/place/TuTaco/data=!4m7!3m6!1s0x8428a992c7f7098b:0x62b3bc47a9cf868d!8m2!3d20.7313523!4d-103.4549927!16s%2Fg%2F11h714t5mz!19sChIJiwn3x5KpKIQRjYbPqUe8s2I?authuser=0&hl=es-419&rclk=1,"оӮ°
+52 33 9688 6707","Horarios de mayor concurrencia
miГ©rcoles
о—…
оўҮ
оҗҲ
EN TIEMPO REALMГЎxima concurrencia
6a.m.
9a.m.
12p.m.
3p.m.
6p.m.
9p.m.
оҗү",http://www.tutacoymas.com/,https://lh3.googleusercontent.com/gps-cs-s/APNQkAFn-rHUvcIQrviwJxZB3rLeXADoOXSxRO9iNvG5qxHFSFxceLFxJkh0gES8MXBs1jDY1yEmzR6FzKfCaaQJmWBBuXrSI1C4n15MoP6kej500AQ9UZafDIbXCw0zQuJ485DO25or=w1000-h1000-k-no,N/A,false,1610,N/A,N/A,TaquerГӯa
67,Los Sarapes,"4.5(1,542) В· $100-200",4.5,$100-200,"Excelente servicio, muy ricos los tacos y las aguas reciГ©n preparadas",https://www.google.com/maps/place/Los+Sarapes/data=!4m7!3m6!1s0x8428aeea35531f83:0xfb116f8191461f91!8m2!3d20.687293!4d-103.425148!16s%2Fg%2F1ptywkwr2!19sChIJgx9TNequKIQRkR9GkYFvEfs?authuser=0&hl=es-419&rclk=1,"оӮ°
+52 33 3673 6009","Horarios de mayor concurrencia
miГ©rcoles
о—…
оўҮ
оҗҲ
EN TIEMPO REALUn poco concurrido
6a.m.
9a.m.
12p.m.
3p.m.
6p.m.
9p.m.
12a.m.
оҗү",https://lossarapes.shop/,https://lh3.googleusercontent.com/gps-cs-s/APNQkAFi_OShrwYiJ9I1oYhnQzpOMIc4BfZSE-uPqxI1_C08_I5H0CAs58q0orS1MdfsbuXoqHxIRt1x1WvLXpVceTuWKEYVxDeXVDtiyvDf5zLBEjwgFHxfQZvyDrvA7d1E2OMpzf4CXA=w1000-h1000-k-no,N/A,false,1542,N/A,N/A,TaquerГӯa
68,Tacos al Pastor Fuente Olimpica jimy,Tacos В· оӨҙ В· Calz. Independencia Norte 825,4.3,$100-200,"Tacos muy ricos y con una buena porciГіn, muy buena relaciГіn calidad-precio",https://www.google.com/maps/place/Tacos+al+Pastor+Fuente+Olimpica+jimy/data=!4m7!3m6!1s0x8428b19536e9ffef:0x783a863af1df7b5d!8m2!3d20.6881968!4d-103.3351832!16s%2Fg%2F11c324x6g1!19sChIJ7__pNpWxKIQRXXvf8TqGOng?authuser=0&hl=es-419&rclk=1,"оӮ°
+52 33 2972 4944","Horarios de mayor concurrencia
miГ©rcoles
о—…
оўҮ
оҗҲ
EN TIEMPO REALUn poco concurrido
6a.m.
9a.m.
12p.m.
3p.m.
6p.m.
9p.m.
12a.m.
3a.m.
оҗү",N/A,https://lh3.googleusercontent.com/gps-cs-s/APNQkAFgqVMUM98MfYXEjeFSunrYZYhfNoiiE_deJWtXCPLs0TQFgOLIw4OZb7FlmlwI6bmT00wyMm5pLbzqyZ-Gwqzls2XRsjIIBPTDlxlMKBKHjwTWpmXjkCDim-7XrjaZ3eHDWpCbAg=w1000-h1000-k-no,N/A,false,1527,N/A,N/A,TaquerГӯa
69,Tacos el pelГіn los rГЎpidos,"4.5(1,490) В· $100-200",4.5,$100-200,"Sabroso, rГЎpido, precios accesibles, una buena variedad de tacos",https://www.google.com/maps/place/Tacos+el+pel%C3%B3n+los+r%C3%A1pidos/data=!4m7!3m6!1s0x8428afcc3ab5deb1:0xb72bdcca8b8cea1d!8m2!3d20.7500497!4d-103.4279698!16s%2Fg%2F11b6_h2gt9!19sChIJsd61OsyvKIQRHeqMi8rcK7c?authuser=0&hl=es-419&rclk=1,"оӮ°
+52 33 1294 9958","Horarios de mayor concurrencia
miГ©rcoles
о—…
оўҮ
оҗҲ
EN TIEMPO REALMenos concurrido de lo habitual
6a.m.
9a.m.
12p.m.
3p.m.
6p.m.
9p.m.
12a.m.
оҗү",N/A,https://lh3.googleusercontent.com/gps-cs-s/APNQkAHIJ2xwwiH5xAvlKYGRBJvfYF48KURDs4KLIofhLDmbI1qipTIrYAC6acKxMD-NiVdg5isfhNucDV8y7PBt--VmFzrdFPadcz8tBbyOUYEL419EvnuLu7JypBEGf-JBSN_V_tzRwz69Ek8I=w1000-h1000-k-no,N/A,false,1490,N/A,N/A,TaquerГӯa
70,TaquerГӯa Los Laureles - Suc. Av. MГ©xico,TaquerГӯa Los Laureles - Suc. Av. MГ©xico,4.3,$100-200,"Tacos al pastor impresionantes, al carbГіn y con tortillas reciГ©n hechas.",https://www.google.com/maps/place/Taquer%C3%ADa+Los+Laureles+-+Suc.+Av.+M%C3%A9xico/data=!4m7!3m6!1s0x8428ae6c96865d03:0x25e3ec8a6185dce1!8m2!3d20.679192!4d-103.382849!16s%2Fg%2F1thkxl9l!19sChIJA12GlmyuKIQR4dyFYYrs4yU?authuser=0&hl=es-419&rclk=1,"оӮ°
+52 33 3615 3085","Horarios de mayor concurrencia
miГ©rcoles
о—…
оўҮ
оҗҲ
Cerrado los miГ©rcolesвҖ”elige otro dГӯa
оҗү",https://www.facebook.com/LosLaurelesGdl,https://lh3.googleusercontent.com/gps-cs-s/APNQkAEv9Uz7F4McdibbD26zUiGilxiXEWcFMYTWoDOe5qzEV62xlKG93C4DUnKMdD7c2Spto4dWZURw_kI5P5peQVG97l2o2KlhCrE1MFS5zCTM9xaYGM7nGxrVJlY1D-SbWvHJeLOi=w1000-h1000-k-no,N/A,false,1416,N/A,N/A,TaquerГӯa
71,Tacos Moy,"4.4(1,393) В· $100-200",4.4,$100-200,,https://www.google.com/maps/place/Tacos+Moy/data=!4m7!3m6!1s0x8428af0b7fb52f11:0x53d89832f8ce88f5!8m2!3d20.7281002!4d-103.4106597!16s%2Fg%2F1ptxnzv8j!19sChIJES-1fwuvKIQR9YjO-DKY2FM?authuser=0&hl=es-419&rclk=1,"оӮ°
+52 33 3365 1210","Horarios de mayor concurrencia
miГ©rcoles
о—…
оўҮ
оҗҲ
6a.m.
9a.m.
12p.m.
3p.m.
6p.m.
9p.m.
оҗү",N/A,https://lh3.googleusercontent.com/gps-cs-s/APNQkAHVS8QUECvgbTW3136afsaQX6jgA1YbZJ0oY-8F13xQQ0BpCXlIed5Ob3-OizsgGPOLUwgpTe4cU9RgYONdh9NKXhvEDMjnlx6SA1Jqe9YdmIFwLhD_SUOajGKHYLG_awQow4mT=w1000-h1000-k-no,N/A,false,1393,N/A,N/A,TaquerГӯa
72,Tacos Pablo Zapopan,Tacos В· оӨҙ В· C. Moctezuma 404-A,4.8,$100-200,"El mejor lugar para comer tacos, con el sabor de los abuelos riquisimos",https://www.google.com/maps/place/Tacos+Pablo+Zapopan/data=!4m7!3m6!1s0x8428afbcb23177cb:0x424a819b09ef22a!8m2!3d20.7273276!4d-103.3931428!16s%2Fg%2F11b6y2hfl_!19sChIJy3cxsryvKIQRKvKesBmoJAQ?authuser=0&hl=es-419&rclk=1,N/A,"Horarios de mayor concurrencia
miГ©rcoles
о—…
оўҮ
оҗҲ
EN TIEMPO REALMenos concurrido de lo habitual
6a.m.
9a.m.
12p.m.
3p.m.
6p.m.
9p.m.
оҗү",N/A,https://lh3.googleusercontent.com/gps-cs-s/APNQkAEMF0wRS1ATT9tEaCyZCThILbpmAxlwNeEVj3EYEL_t-YHGzHvQS7mptakGOH8-U8hCez_45RJwFUGH5_EuKWJkUZaiwHDMwnSyFBRhtL8KXMzPCcRIvb1ZsYneVQV8iLcAArLxdg=w1000-h1000-k-no,N/A,false,1389,N/A,N/A,TaquerГӯa
73,Tortas y Tacos Los GГјeros,Tacos В· C. Juan ГҒlvarez 1824,4.6,$100-200,"Muy ricas tortas y tacos, carne, buche, lengua y cachete...",https://www.google.com/maps/place/Tortas+y+Tacos+Los+G%C3%BCeros/data=!4m7!3m6!1s0x8428ae16491970fd:0xc93f61b9d8d2a010!8m2!3d20.6850959!4d-103.3737842!16s%2Fg%2F11bv3vc9q4!19sChIJ_XAZSRauKIQREKDS2LlhP8k?authuser=0&hl=es-419&rclk=1,"оӮ°
+52 33 1341 2962","Horarios de mayor concurrencia
miГ©rcoles
о—…
оўҮ
оҗҲ
6a.m.
9a.m.
12p.m.
3p.m.
6p.m.
9p.m.
оҗү",https://www.facebook.com/profile.php?id=100063723632640,https://lh3.googleusercontent.com/gps-cs-s/APNQkAEL8LdvY7c6uuClxZvufLwJs8BaevT_hrjeqFhozrLRI6TZAPgz5qpwQKydjCb27tK1yuCySn_aMCARrMKA53U6ajPDcfoSSFv-c_jJIYNaRiOaS0DsIc9vmTEQX5IF_Hc_8g=w1000-h1000-k-no,N/A,false,1346,N/A,N/A,Restaurante mexicano
74,Tacos MartГӯn,Tacos В· C. Independencia 567 A,4.2,$100-200,"Excelentes tacos, labio, lengua pruebalos te van a encantar.",https://www.google.com/maps/place/Tacos+Mart%C3%ADn/data=!4m7!3m6!1s0x8428afa48171d659:0x9d08f899630079ed!8m2!3d20.7258933!4d-103.396004!16s%2Fg%2F1ptwyhhbp!19sChIJWdZxgaSvKIQR7XkAY5n4CJ0?authuser=0&hl=es-419&rclk=1,N/A,"Horarios de mayor concurrencia
miГ©rcoles
о—…
оўҮ
оҗҲ
EN TIEMPO REALMenos concurrido de lo habitual
6a.m.
9a.m.
12p.m.
3p.m.
6p.m.
9p.m.
оҗү",N/A,https://lh3.googleusercontent.com/gps-cs-s/APNQkAF79dcEc9sgVxCZkHk1VlOj3YYxRLAH6IRmfJ95IVTwaRvVRCrYpUxntEPPgnZ-jpdHyp3HpwQrkkAHaLq5TfnXwmUf269ggS73zkC4NiI13HTeb_gu9QKj-GS4kq-NJ2anoeTG=w1000-h1000-k-no,N/A,false,1344,N/A,N/A,TaquerГӯa
75,Tacos Los Caramelos,Tacos В· п•Ҡ В· Av. Patria 37,4.7,$100-200,Favor de acompaГұar todos sus tacos con frijoles reciГ©n hechos.,https://www.google.com/maps/place/Tacos+Los+Caramelos/data=!4m7!3m6!1s0x8428ae93e4dd7d33:0x97f877fc3482794c!8m2!3d20.6775169!4d-103.4215367!16s%2Fg%2F11cn976cy7!19sChIJM33d5JOuKIQRTHmCNPx3-Jc?authuser=0&hl=es-419&rclk=1,"оӮ°
+52 33 3844 8909","Horarios de mayor concurrencia
miГ©rcoles
о—…
оўҮ
оҗҲ
EN TIEMPO REALPoco concurrido
6a.m.
9a.m.
12p.m.
3p.m.
6p.m.
9p.m.
оҗү",N/A,https://lh3.googleusercontent.com/gps-cs-s/APNQkAGQTO0dg-sj7C_JtPqa5BaiYh7yORn3eIYBzdmYk092PE4WZRhmRR9ahH3J9V4z5cLfxrlAydMJ-rpXiorliepKlZtICo1W7Yyoqu3OvWTNlaJ1zVPwqIg83pt5UJovZvOvjKUY=w1000-h1000-k-no,N/A,false,1322,N/A,N/A,TaquerГӯa
76,TAQUERГҚA LA ESQUINITA,"4.5(1,305) В· $100-200",4.5,$100-200,Deliciosos los tacos pero mucho mejor las aguas frescas sin duda !!,https://www.google.com/maps/place/TAQUER%C3%8DA+LA+ESQUINITA/data=!4m7!3m6!1s0x8428ac506f7813a5:0xa24ee93f9fdba533!8m2!3d20.6232013!4d-103.4156383!16s%2Fg%2F1ptvt8r1m!19sChIJpRN4b1CsKIQRM6Xbnz_pTqI?authuser=0&hl=es-419&rclk=1,"оӮ°
+52 33 1700 5238","Horarios de mayor concurrencia
miГ©rcoles
о—…
оўҮ
оҗҲ
EN TIEMPO REALMenos concurrido de lo habitual
6a.m.
9a.m.
12p.m.
3p.m.
6p.m.
9p.m.
12a.m.
оҗү",https://taquerialaesquinita.shop/,https://lh3.googleusercontent.com/gps-cs-s/APNQkAGKUYnJFLUP9ga6cwidMvxyljRJ_0IgGh4wL667nO1UZ2j6DwOt5Atm335fP7yYYnSo4RZ3HBhJwbnrAJEotrVOH0rzI-1gJBsyT2RTqvrqDvxddJpOSUYKs8UPrVsECFHc0-6Dja5eya_i=w1000-h1000-k-no,N/A,false,1305,N/A,N/A,TaquerГӯa
77,Tacos De Carnitas Vale,Tacos В· Av. Arco del Triunfo 1176A,4.7,$1-100,,https://www.google.com/maps/place/Tacos+De+Carnitas+Vale/data=!4m7!3m6!1s0x8428af778b88f17d:0x5604d9a3a69abb91!8m2!3d20.7424979!4d-103.4066238!16s%2Fg%2F11c53dgx9l!19sChIJffGIi3evKIQRkbuapqPZBFY?authuser=0&hl=es-419&rclk=1,"оӮ°
+52 33 1027 6963","Horarios de mayor concurrencia
miГ©rcoles
о—…
оўҮ
оҗҲ
6a.m.
9a.m.
12p.m.
3p.m.
6p.m.
9p.m.
оҗү",N/A,https://lh3.googleusercontent.com/gps-cs-s/APNQkAFP5PnbIghncoLTEvDE_sTigUvhCWI2lFYXbez4Qf59zI4VL2ZO99r_6yLN_mN0Hj-IH11Xcmv4VkZ4sWC5L0s_eEBUaMFoJw6t1szXG07rnwWIZA6eFq1wMXL5DJ2_RY6x5kFo=w1000-h1000-k-no,N/A,false,1278,N/A,N/A,TaquerГӯa
78,Tacos Don Luis,Tacos В· оӨҙ В· Av. Patria 2690,4.7,$100-200,"... mejores tacos de la ciudad, buenas salsas, buena variedad de tacosВ ...",https://www.google.com/maps/place/Tacos+Don+Luis/data=!4m7!3m6!1s0x8428afcc663bfb31:0x9edb33d33b589ac2!8m2!3d20.7134051!4d-103.3746925!16s%2Fg%2F11b6sr2j15!19sChIJMfs7ZsyvKIQRwppYO9Mz254?authuser=0&hl=es-419&rclk=1,"оӮ°
+52 33 1869 1379","Horarios de mayor concurrencia
miГ©rcoles
о—…
оўҮ
оҗҲ
EN TIEMPO REALPoco concurrido
6a.m.
9a.m.
12p.m.
3p.m.
6p.m.
9p.m.
оҗү",http://www.facebook.com/tacosdonluispatria,https://lh3.googleusercontent.com/gps-cs-s/APNQkAFp3JXWGJ04J1jG-1VTKC5hDo32R2fhNDcC4PyryZs1mNl65kuttAglGAeWV7LAaZCVbQSX5CedzVb2UtzAt70djceCJi9anMO4eGigl8NdivJcdCofxxjCHEbyRbtYHV70Q8Ye=w1000-h1000-k-no,N/A,false,1211,N/A,N/A,TaquerГӯa
79,CABEZA DE RES ESTILO GUASAVE,"4.5(1,208) В· $100-200",4.5,$100-200,,https://www.google.com/maps/place/CABEZA+DE+RES+ESTILO+GUASAVE/data=!4m7!3m6!1s0x8428ad3e5827d39b:0xfdc1274663995b3d!8m2!3d20.5897229!4d-103.3855496!16s%2Fg%2F11cmxxjckx!19sChIJm9MnWD6tKIQRPVuZY0Ynwf0?authuser=0&hl=es-419&rclk=1,N/A,"Horarios de mayor concurrencia
miГ©rcoles
о—…
оўҮ
оҗҲ
6a.m.
9a.m.
12p.m.
3p.m.
6p.m.
9p.m.
оҗү",N/A,https://lh3.googleusercontent.com/gps-cs-s/APNQkAFWUv3cDWVA-fOPyGB3TF5ELn_VBHedikuA3g60U4uJcpVmfkX2wNt7nTR5KH1mecoN0DDRcDm8dGN_kRBeSWCsk69qt-OT0sdxrCSlWHuoaZYlLr0UoPdpBIls1q98jHFjF2-SCA=w1000-h1000-k-no,N/A,false,1208,N/A,N/A,TaquerГӯa
80,Tacos De Barbacoa El Viejito e Hijos,"4.4(1,196) В· $100-200",4.4,$100-200,Los mejores tacos de barbacoa lengu cachete cochinero exelente,https://www.google.com/maps/place/Tacos+De+Barbacoa+El+Viejito+e+Hijos/data=!4m7!3m6!1s0x8428b1e42b813659:0xeeee81a4a7834933!8m2!3d20.6825904!4d-103.350142!16s%2Fg%2F11c0pzmmnn!19sChIJWTaBK-SxKIQRM0mDp6SB7u4?authuser=0&hl=es-419&rclk=1,"оӮ°
+52 33 2905 4319","Horarios de mayor concurrencia
miГ©rcoles
о—…
оўҮ
оҗҲ
6a.m.
9a.m.
12p.m.
3p.m.
6p.m.
9p.m.
оҗү",N/A,https://lh3.googleusercontent.com/gps-cs-s/APNQkAE-BztduVp2We1O2t9Qt1pDXS1UcfY2TI-P4aTkuMa7Jv1UqMiP1tgmgW2XF5LDbmWKsW7zGVLu7KfkbiqFY6HfyLa2czJbzhGoMbvA3BNZ7dVlw9yjRTsuoIv_ulJhhsRGJvQF=w1000-h1000-k-no,N/A,false,1196,N/A,N/A,TaquerГӯa
81,Tacos Estadio,Calz. Federalismo Norte 3145,4.5,$100-200,Estilo Ciudad de MГ©xico en Gdl,"https://www.google.com/maps/place/Tacos+Estadio/@20.7230629,-103.3534807,17z/data=!3m1!4b1!4m6!3m5!1s0x8428b028ae4774bd:0xcdd2b9be35645a7e!8m2!3d20.7230629!4d-103.3534807!16s%2Fg%2F1ptx91nzj?entry=ttu&g_ep=EgoyMDI2MDUxMS4wIKXMDSoASAFQAw%3D%3D","оӮ°
+52 33 3230 4234","Horarios de mayor concurrencia
jueves
о—…
оўҮ
оҗҲ
6a.m.
9a.m.
12p.m.
3p.m.
6p.m.
9p.m.
12a.m.
оҗү",N/A,https://lh3.googleusercontent.com/gps-cs-s/APNQkAGSq6p8yvu8kqQfLmH-EW8A2dnOV5GG_9qKc0RXkGO14rLkIokZJ7ZET-705E9Ayscqo5KqDPkNmWGa_ad337cvL0Nh9bXT2j0S5pNLfCuDu5kffGN7YakKMcgB5XX15mKucsjO=w1000-h1000-k-no,N/A,false,1167,N/A,N/A,N/A
82,TACOS Don Chuy,Tacos В· C. Emilio Carranza 136,4.7,$100-200,"Muy ricos tacos, muy buena variedad y muy bien servidos.",https://www.google.com/maps/place/TACOS+Don+Chuy/data=!4m7!3m6!1s0x8428afa474a402d7:0xd095427f2c04473f!8m2!3d20.7256229!4d-103.3975143!16s%2Fg%2F11c1p8dv6k!19sChIJ1wKkdKSvKIQRP0cELH9CldA?authuser=0&hl=es-419&rclk=1,"оӮ°
+52 33 2229 6457","Horarios de mayor concurrencia
miГ©rcoles
о—…
оўҮ
оҗҲ
EN TIEMPO REALMГЎxima concurrencia
6a.m.
9a.m.
12p.m.
3p.m.
6p.m.
9p.m.
12a.m.
оҗү",N/A,https://lh3.googleusercontent.com/gps-cs-s/APNQkAGu-1SoO4vhHJzoc1O6tEGv-_XqgA5Z-u_dfrr8rD7NWRCxaYyZutZ53lkHYjdA-ElKywo8Er-aCls9K773CSxRxnhgEj6PLQE6mg5ZgzMkJGwj1TQRfD-Yw_jw_HmCkFX9oNg5ZEDBY-Zh=w1000-h1000-k-no,N/A,false,1155,N/A,N/A,TaquerГӯa
83,Tacos Papa Don juan,"4.5(1,141) В· $100-200",4.5,$100-200,"Los tacos deliciosos , pero el servicio y atenciГіn estan muy deficientes",https://www.google.com/maps/place/Tacos+Papa+Don+juan/data=!4m7!3m6!1s0x8428b22a783a1ef3:0xad8f864ada8e1a16!8m2!3d20.6680233!4d-103.3160717!16s%2Fg%2F11d_zc4hvf!19sChIJ8x46eCqyKIQRFhqO2kqGj60?authuser=0&hl=es-419&rclk=1,"оӮ°
+52 33 2156 9640","Horarios de mayor concurrencia
miГ©rcoles
о—…
оўҮ
оҗҲ
EN TIEMPO REALUn poco concurrido
6a.m.
9a.m.
12p.m.
3p.m.
6p.m.
9p.m.
оҗү",N/A,https://lh3.googleusercontent.com/gps-cs-s/APNQkAHeimPOVD5xmEeMAbgifu8arNjZG4IFmX6vN0MytajWGLq47b_Nj7-SkrpxQyJcgc_q1Qgbdt45-4N6owUXpWThtWSD-jjaRKC0wAy9FKsvyifRHtJojI_Opv1vFAeUHwbYQ6E=w1000-h1000-k-no,N/A,false,1141,N/A,N/A,TaquerГӯa
84,TaquerГӯa los cuГұados,Tacos В· п•Ҡ В· C. San Pablo 1952,4.6,$100-200,"Deliciosos tacos, atenciГіn con esmero y profesionalismo",https://www.google.com/maps/place/Taquer%C3%ADa+los+cu%C3%B1ados/data=!4m7!3m6!1s0x8428b17159ffa9a7:0xa180dae2126d7afb!8m2!3d20.6860908!4d-103.3059425!16s%2Fg%2F11c2r7jh9l!19sChIJp6n_WXGxKIQR-3ptEuLagKE?authuser=0&hl=es-419&rclk=1,"оӮ°
+52 33 2267 4070","Horarios de mayor concurrencia
miГ©rcoles
о—…
оўҮ
оҗҲ
EN TIEMPO REALMenos concurrido de lo habitual
6a.m.
9a.m.
12p.m.
3p.m.
6p.m.
9p.m.
оҗү",N/A,https://lh3.googleusercontent.com/gps-cs-s/APNQkAEusmAOFKYLTtv62YVQA52cTH3Ol54NITMs3QFCKA5s5W4oLA68AxnSSN80gCYLx9L80QN99IcTb8kVtw89CXiZqmOj86P9pVtIk53BfyA-mMgPZDV7s1q-4ZWvqaX98D-nQk3b=w1000-h1000-k-no,N/A,false,1128,N/A,N/A,TaquerГӯa
85,Taqueria El PelГіn,"Tacos В· 45030, C. Millet 375",4.7,$100-200,"Deliciosos tacos callejeros, el tГӯpico taco con gravita y buen sabor.",https://www.google.com/maps/place/Taqueria+El+Pel%C3%B3n/data=!4m7!3m6!1s0x8428aea2f2b8b805:0x9caa23fe736b2e54!8m2!3d20.6686506!4d-103.4295681!16s%2Fg%2F11c1xlhlj5!19sChIJBbi48qKuKIQRVC5rc_4jqpw?authuser=0&hl=es-419&rclk=1,"оӮ°
+52 33 3141 8100","Horarios de mayor concurrencia
miГ©rcoles
о—…
оўҮ
оҗҲ
EN TIEMPO REALMenos concurrido de lo habitual
6a.m.
9a.m.
12p.m.
3p.m.
6p.m.
9p.m.
12a.m.
оҗү",N/A,https://lh3.googleusercontent.com/gps-cs-s/APNQkAEr8p9SIEQ3XsCuYD3xKCCjJnJidKfsQl5cEls2hblKFbu5Q_zmOIMHpqD2-RTfxElHHDWB_azEaDQWEPSnp4tEHeJYHKqKCphFfdtgF5X2A_uqvhAX4oyZSoFV8AljoxtVSpxLOQ=w1000-h1000-k-no,N/A,false,1126,N/A,N/A,TaquerГӯa
86,Tacos de Birria El Negrito,Tacos В· оӨҙ В· Calz. RevoluciГіn 2206,4.5,$100-200,,https://www.google.com/maps/place/Tacos+de+Birria+El+Negrito/data=!4m7!3m6!1s0x8428b3cc9e51d929:0xa7a546712d07060b!8m2!3d20.6517601!4d-103.3120193!16s%2Fg%2F11f_j2239_!19sChIJKdlRnsyzKIQRCwYHLXFGpac?authuser=0&hl=es-419&rclk=1,"оӮ°
+52 33 1134 1186","Horarios de mayor concurrencia
miГ©rcoles
о—…
оўҮ
оҗҲ
6a.m.
9a.m.
12p.m.
3p.m.
6p.m.
9p.m.
оҗү",N/A,https://lh3.googleusercontent.com/gps-cs-s/APNQkAH1byBjqB6svD6DGOWNf9VkjAh5X7tDxSmQzlPIcGkCucu96Cd3E_P4ylAPPXZ76JhPHtVPntj-xhsB3NKd0bA-aTo_7XOthJwqw9XDQfAmfviBGIbcXUVJv8VEDEjxIBv1dk72=w1000-h1000-k-no,N/A,false,1116,N/A,N/A,TaquerГӯa
87,Brick SteakRoom,Carne В· оӨҙ В· Av. de las AmГ©ricas 1254,4.6,N/A,"El parrillero es un mГЎster, mi corte estaba justo como me gusta.",https://www.google.com/maps/place/Brick+SteakRoom/data=!4m7!3m6!1s0x8428af50a4141421:0x2d8098c21b038b22!8m2!3d20.6976048!4d-103.3733841!16s%2Fg%2F11g2wgzk36!19sChIJIRQUpFCvKIQRIosDG8KYgC0?authuser=0&hl=es-419&rclk=1,"оӮ°
+52 33 2471 7066","Horarios de mayor concurrencia
miГ©rcoles
о—…
оўҮ
оҗҲ
EN TIEMPO REALMenos concurrido de lo habitual
6a.m.
9a.m.
12p.m.
3p.m.
6p.m.
9p.m.
оҗү",https://bricksteakhouse.shop/,https://lh3.googleusercontent.com/gps-cs-s/APNQkAFmCA3lm7IuGx3KUoDdmYo68yQmaWx32ijwMyaKbPYJaWbpuqFmy_wdGDcnEDvIaMmCoBwJVdAjftzBLclc6fiCdozNTn031CMxwZzYquDcGKLzrUVFEcpuyvlwMSy_D_q6uHd1=w1000-h1000-k-no,N/A,false,1113,N/A,N/A,Restaurante especializado en filetes
88,TaquerГӯa Los Volcanes,Tacos В· оӨҙ В· C. Siete Colinas 1788,4.7,$100-200,RiquГӯsimo el menГә de tacos y salsas y la atenciГіn muy bien,https://www.google.com/maps/place/Taquer%C3%ADa+Los+Volcanes/data=!4m7!3m6!1s0x8428b1b093a4abab:0x8b6d3ef7c03d505!8m2!3d20.7034198!4d-103.3279162!16s%2Fg%2F11c5zyyjys!19sChIJq6ukk7CxKIQRBdUDfO_Ttgg?authuser=0&hl=es-419&rclk=1,"оӮ°
+52 33 1135 7658","Horarios de mayor concurrencia
miГ©rcoles
о—…
оўҮ
оҗҲ
EN TIEMPO REALMenos concurrido de lo habitual
6a.m.
9a.m.
12p.m.
3p.m.
6p.m.
9p.m.
12a.m.
оҗү",N/A,https://lh3.googleusercontent.com/gps-cs-s/APNQkAFHuacE7tUn9UV9t5Ikkd3SSWaGZ7qGhBOmwvHn5e9AZlHIF6i2LFtEJpw4vwo_XzHV0RCE-uITPAAd5C4L0vhDWZ3YowR7Lx7R0sx1XHLXqTANYBUm-EEUW8dxt595ZLJTIYV9NQ=w1000-h1000-k-no,N/A,false,1078,N/A,N/A,TaquerГӯa
89,Los Gallitos,"FГ©lix Palavicini, Santa Elena",4.7,$1-100,Tacos de guisado muy populares,"https://www.google.com/maps/place/Tacos+y+Gorditas+los+Gallitos/@20.7067788,-103.3478843,17z/data=!3m1!4b1!4m6!3m5!1s0x8428b1d203b9e7c3:0x2b7e429d59f9d1f!8m2!3d20.7067788!4d-103.3478843!16s%2Fg%2F1ptzknzxy?entry=ttu&g_ep=EgoyMDI2MDUxMS4wIKXMDSoASAFQAw%3D%3D","оӮ°
+52 33 4711 8073","Horarios de mayor concurrencia
jueves
о—…
оўҮ
оҗҲ
EN TIEMPO REALPoco concurrido
6a.m.
9a.m.
12p.m.
3p.m.
6p.m.
9p.m.
оҗү",N/A,https://lh3.googleusercontent.com/gps-cs-s/APNQkAF8MAIFbcQN9hnY5DQgJAYSDetpu3m_vGDOhiVERP9R6P6q-OHuBl1tIQGwdwgBprXASckEqdd7UQXIaTK1HYKasGmAnaPpUolQRezP97hjyFmvh6y-FAsLqpaSTE8jeCElswUAlQ=w1000-h1000-k-no,N/A,false,1073,,,
90,Tacos de barbacoa Ruben's,Tacos В· оӨҙ В· C. Playa de Hornos 1019,4.6,$1-100,,https://www.google.com/maps/place/Tacos+de+barbacoa+Ruben%27s/data=!4m7!3m6!1s0x8428ac188cd28e37:0x69fdb1741289554c!8m2!3d20.6509919!4d-103.4295146!16s%2Fg%2F1ptxj6w5c!19sChIJN47SjBisKIQRTFWJEnSx_Wk?authuser=0&hl=es-419&rclk=1,N/A,"Horarios de mayor concurrencia
miГ©rcoles
о—…
оўҮ
оҗҲ
6a.m.
9a.m.
12p.m.
3p.m.
6p.m.
9p.m.
оҗү",N/A,https://lh3.googleusercontent.com/gps-cs-s/APNQkAFj_ddNFzLrY4oSRHUu3Dc-9HgTuuavU9qHO8OgRkgIo49MSQgGakrfmj2h4Jc3XbVdc9uyK_psZQmehlxTfhM9BQIFH_2CKkGUiEkcbQMW8DjG2D0OCuE9500NNF4mW3CJY7R9=w1000-h1000-k-no,N/A,false,1069,N/A,N/A,TaquerГӯa
91,Tacos Los Migueles,"Av. Patria, Zapopan",4.7,$100-200,Cortes de bistec y pastor,"https://www.google.com/maps/place/Tacos+Los+Migueles+Contry/@23.1733684,-101.8473327,7z/data=!4m10!1m2!2m1!1sTacos+Los+Migueles+Av.+Patria,+Zapopan+Guadalajara!3m6!1s0x8662bf84c4cdba01:0xcfe305352982a175!8m2!3d25.6393709!4d-100.2705574!15sCjJUYWNvcyBMb3MgTWlndWVsZXMgQXYuIFBhdHJpYSwgWmFwb3BhbiBHdWFkYWxhamFyYVoyIjB0YWNvcyBsb3MgbWlndWVsZXMgYXYgcGF0cmlhIHphcG9wYW4gZ3VhZGFsYWphcmGSAQ90YWNvX3Jlc3RhdXJhbnSaASRDaGREU1VoTk1HOW5TMFZKUTBGblNVUkNYMUEzUVROUlJSQULgAQD6AQQIKhA5!16s%2Fg%2F1tls381j?entry=ttu&g_ep=EgoyMDI2MDUxMS4wIKXMDSoASAFQAw%3D%3D","оӮ°
+52 81 8365 5641","Horarios de mayor concurrencia
jueves
о—…
оўҮ
оҗҲ
6a.m.
9a.m.
12p.m.
3p.m.
6p.m.
9p.m.
оҗү",https://www.facebook.com/tacoslosmiguelescontry/,https://lh3.googleusercontent.com/gps-cs-s/APNQkAHZSWVdD3BYF02PJRHCch9vhXxQA8GGdy_LMTwh_5Ez-gPZQJkOHVPudnRRVsu367tKZPo7kLuZjLU1rtHjzbrxbzfIuUcUEahWphSEkPdD98mJdI6pFCgtqEdpGafip0YSezUU=w1000-h1000-k-no,N/A,false,1063,N/A,N/A,N/A
92,El Ranchero,Mexicana В· Av. 16 de Septiembre 131,4.3,$100-200,Exelente lugar para deleitarse con unos ricos tacos de arrachera,https://www.google.com/maps/place/El+Ranchero/data=!4m7!3m6!1s0x8428b10011bbc39b:0x11f9c0dc0a92b2d5!8m2!3d20.6747355!4d-103.3471927!16s%2Fg%2F1ptwcynp3!19sChIJm8O7EQCxKIQR1bKSCtzA-RE?authuser=0&hl=es-419&rclk=1,N/A,"Horarios de mayor concurrencia
miГ©rcoles
о—…
оўҮ
оҗҲ
6a.m.
9a.m.
12p.m.
3p.m.
6p.m.
9p.m.
оҗү",https://elranchero.shop/,https://lh3.googleusercontent.com/gps-cs-s/APNQkAHqDkzdOu7qj_fFtuT4ulka5YG8Ql8Vn6Vin7FrZQ8dX_UHaWjzhMOWiou1sOhB8Gn0EcpwZySTNZa9_lPLhmbhIJXPAbuccQgegDkx91xMRExPI9zcNMp_CysLZzMnLMBBu7npqiB8cJo=w1000-h1000-k-no,N/A,false,1063,N/A,N/A,Restaurante mexicano
93,Tacos A Patria,Tacos В· оӨҙ В· Av. Patria 1472,4.0,$100-200,"Excelentes tacos, buen surtidor, higiГ©nico el lugar y agradable ambiente",https://www.google.com/maps/place/Tacos+A+Patria/data=!4m7!3m6!1s0x11565d9b6294ff5b:0xe97027c14b56b87d!8m2!3d20.6982617!4d-103.4156826!16s%2Fg%2F1td7cgfs!19sChIJW_-UYptdVhERfbhWS8EncOk?authuser=0&hl=es-419&rclk=1,"оӮ°
+52 33 3610 0417","Horarios de mayor concurrencia
miГ©rcoles
о—…
оўҮ
оҗҲ
6a.m.
9a.m.
12p.m.
3p.m.
6p.m.
9p.m.
12a.m.
оҗү",N/A,https://lh3.googleusercontent.com/gps-cs-s/APNQkAHHlzBJVl7TQbubMeE7IzZVXI5_5m-_gZ6eYZTE0EyTQYp8cSzhlrYqc-AnsDqZf5PcT7Yr9AamZuOOUhqOYSfNAtOm3sWIW3DII-daQgmesq64i1ew3TAbeZBjSo6xl28y4Is=w1000-h1000-k-no,N/A,false,1060,N/A,N/A,TaquerГӯa
94,Tacos El GГјero,Tacos В· Calle Marsella #510,4.5,$100-200,"Muy ricos los tacos y buen sazГіn , Excelente servicio al cliente",https://www.google.com/maps/place/Tacos+El+G%C3%BCero/data=!4m7!3m6!1s0x8428ae08a0736c21:0xd423a2eea42a11d4!8m2!3d20.6673756!4d-103.3703251!16s%2Fg%2F11b7c329hj!19sChIJIWxzoAiuKIQR1BEqpO6iI9Q?authuser=0&hl=es-419&rclk=1,N/A,"Horarios de mayor concurrencia
miГ©rcoles
о—…
оўҮ
оҗҲ
EN TIEMPO REALPoco concurrido
6a.m.
9a.m.
12p.m.
3p.m.
6p.m.
9p.m.
12a.m.
3a.m.
оҗү",N/A,https://lh3.googleusercontent.com/gps-cs-s/APNQkAE6Q4yVZP0ABT6_ZghMtWC9syO4fQxEZkNJMzWiKVAN-Tof4b0MQ1O5WRB39H-LZmqsnrKCaYsl6Qi5W3tdEdf1ycZ7hhpqIu_9_cx6Vod5-NA9QgFW2QflRKdMpUKN9HU5NCJf181Rvi_7=w1000-h1000-k-no,N/A,false,1046,N/A,N/A,TaquerГӯa
95,Tacos La Choza,"Tacos В· C. Miguel de Cervantes Saavedra 81, entre Av.Vallarta y LГіpez Cotilla",4.7,$100-200,"Excelente lugar, hacen unos tacos muy diferentes muy ricos y al momento",https://www.google.com/maps/place/Tacos+La+Choza/data=!4m7!3m6!1s0x8428ae0e152c8067:0xa2aba77b5a0226aa!8m2!3d20.6738284!4d-103.3747342!16s%2Fg%2F1thcsnrw!19sChIJZ4AsFQ6uKIQRqiYCWnunq6I?authuser=0&hl=es-419&rclk=1,"оӮ°
+52 33 3334 0536",N/A,http://www.facebook.com/tacos.lachoza,https://lh3.googleusercontent.com/gps-cs-s/APNQkAEfz5-PfOTkFmYAuEKi_1lRU4jUzO-XVdJdEhIFz0rmN8eMF4as-Netc6ARNddf292eZLr85tjKsf5CrNDty_kjjx9uUA8maA8HANBX_G7mbtXZvtAxRrYGLK5z_D_l9nvEEG-76w=w1000-h1000-k-no,N/A,false,1044,N/A,N/A,TaquerГӯa
96,Tacos Don MiguelГіn,Tacos В· оӨҙ В· Av. Sta. Margarita 3849,4.6,$100-200,"Los mejores tacos , LIMPIOS, ricos , excelente atenciГіn y ricas salsas",https://www.google.com/maps/place/Tacos+Don+Miguel%C3%B3n/data=!4m7!3m6!1s0x8428af47dd61656f:0x64c18d4bc9b5717d!8m2!3d20.7292335!4d-103.4329518!16s%2Fg%2F11ylwk_7v!19sChIJb2Vh3UevKIQRfXG1yUuNwWQ?authuser=0&hl=es-419&rclk=1,"оӮ°
+52 33 3165 7009","Horarios de mayor concurrencia
miГ©rcoles
о—…
оўҮ
оҗҲ
EN TIEMPO REALMГЎs concurrido de lo habitual
6a.m.
9a.m.
12p.m.
3p.m.
6p.m.
9p.m.
оҗү",N/A,https://lh3.googleusercontent.com/gps-cs-s/APNQkAEsXfIM3pf0eWTHupSzMKotVZdBnzcGudTqcWHDUfcLPeHClTD5-J4eiQeZzgHig8dA2_hkteyC-zU0Y9Zx9KeLfQLjKSdf53PBaBx9yxMF0xsbarcUOFhC3Mz6ITTig2aQbdPN=w1000-h1000-k-no,N/A,false,1012,N/A,N/A,TaquerГӯa
97,Lalo's Tacos,Tacos В· оӨҙ В· Calle Argentina 660,4.7,$100-200,"Tacos de asada, chorizo, adobada, sesos, cabeza, lengua, tripa",https://www.google.com/maps/place/Lalo%27s+Tacos/data=!4m7!3m6!1s0x8428af822a5bee69:0xfe38ddd04d8765ad!8m2!3d20.6670473!4d-103.3619482!16s%2Fg%2F11gjx8h1qm!19sChIJae5bKoKvKIQRrWWHTdDdOP4?authuser=0&hl=es-419&rclk=1,"оӮ°
+52 33 1428 9975","Horarios de mayor concurrencia
miГ©rcoles
о—…
оўҮ
оҗҲ
EN TIEMPO REALUn poco concurrido
6a.m.
9a.m.
12p.m.
3p.m.
6p.m.
9p.m.
оҗү",N/A,https://lh3.googleusercontent.com/gps-cs-s/APNQkAHRLrf6e91iifSPCdQdRM5Pg2W50fEL69K1_5uTYlgVPIiJ3iedj70l3dUJtXhUed83wQPhkcS97vGiziVDzvlJXkaZmjUaC0CoTfJjVrP9u0Jhj-esKyeNCfHhP_B1dLtXSTiP=w1000-h1000-k-no,N/A,false,1004,N/A,N/A,TaquerГӯa
98,Tacos El Rojo,Tacos В· оӨҙ В· C. Juan ГҒlvarez 1600,4.4,$100-200,TГӯpico puesto de tacos de calle pero con muy buen sabor y precio accesible,https://www.google.com/maps/place/Tacos+El+Rojo/data=!4m7!3m6!1s0x8428ae18305a3951:0xe01155248e8ac63e!8m2!3d20.6850485!4d-103.3693295!16s%2Fg%2F11bv5sqmy5!19sChIJUTlaMBiuKIQRPsaKjiRVEeA?authuser=0&hl=es-419&rclk=1,N/A,"Horarios de mayor concurrencia
miГ©rcoles
о—…
оўҮ
оҗҲ
EN TIEMPO REALPoco concurrido
6a.m.
9a.m.
12p.m.
3p.m.
6p.m.
9p.m.
оҗү",N/A,https://lh3.googleusercontent.com/gps-cs-s/APNQkAHBp4SgGKUPND0rF3hqlUw_O9nVn-2gFmW4LwMH6X3iZXrL-IUWNmDPiqgr1wIxgkVTzS1pTmGxJrK5cYdiXK8Sg2_UT76bRzhoDWQzyT2LPiUlYnq6evGNVd8jAX6dCEAetBMEt4hYNo_o=w1000-h1000-k-no,N/A,false,991,N/A,N/A,TaquerГӯa
99,Felipe Tacos de Barbacoa - Matriz,4.5(978) В· $1-100,4.5,$1-100,,https://www.google.com/maps/place/Felipe+Tacos+de+Barbacoa+-+Matriz/data=!4m7!3m6!1s0x8428b48e8ff41823:0x6d213b5c3ce4756a!8m2!3d20.6184175!4d-103.2496931!16s%2Fg%2F11g9qx024k!19sChIJIxj0j460KIQRanXkPFw7IW0?authuser=0&hl=es-419&rclk=1,"оӮ°
+52 33 1522 2302","Horarios de mayor concurrencia
miГ©rcoles
о—…
оўҮ
оҗҲ
6a.m.
9a.m.
12p.m.
3p.m.
6p.m.
9p.m.
оҗү",https://business.facebook.com/FelipeTacosDeBarbacoaMatriz/,https://lh3.googleusercontent.com/gps-cs-s/APNQkAFqjtX568OZhRBa0N6Et6vNbRP3Ys_ECa6neWylRj5i9LHiC6Ff-UgtQEb2KNhn1KMJPRJZ8T7Zzp3o4TthqkLU23X1fhCSOWpRf5XCP8Ct_ERe9M7pg0Batf5ubYUC3MQThtpnxw=w1000-h1000-k-no,N/A,false,978,N/A,N/A,TaquerГӯa
100,Tacos de Pastor El Rulas,Tacos В· Calle RamГіn Corona 297,4.5,$100-200,"Los mejores tacos al pastor del centro de zapopan, calificaciГіn 10 de 10",https://www.google.com/maps/place/Tacos+de+Pastor+El+Rulas/data=!4m7!3m6!1s0x8428afa4d6c1f793:0xff13e1c970b7bafc!8m2!3d20.7236605!4d-103.3938625!16s%2Fg%2F1pv09smsr!19sChIJk_fB1qSvKIQR_Lq3cMnhE_8?authuser=0&hl=es-419&rclk=1,"оӮ°
+52 33 3116 7696","Horarios de mayor concurrencia
miГ©rcoles
о—…
оўҮ
оҗҲ
6a.m.
9a.m.
12p.m.
3p.m.
6p.m.
9p.m.
оҗү",N/A,https://lh3.googleusercontent.com/gps-cs-s/APNQkAG_dg-LZo2FwzKqo2KB9c11FejkEB57hFtb2W0S0bHP23e1XkAZTiVJol1xP2XHLaIgxQkqwtY0tKAQ7DHJx8DhQJ86a9tvxWLA83gELCWmLAzKz57oUbgKa1zzpPkfJJLjSgPQfk_3cuw=w1000-h1000-k-no,N/A,false,972,N/A,N/A,TaquerГӯa
